"Name","Company","State","City","Url"
"Java Software Engineer","Odyssey Systems Consulting Group","MA","Lexington","https://job-openings.monster.com/Java-Software-Engineer-Lexington-MA-US-Odyssey-Systems-Consulting-Group/22/322e3430-fd32-487a-8dc6-9d305d7da649"
"Java/Python Developer","Veritude","MA","Boston","https://job-openings.monster.com/Java-Python-Developer-Boston-MA-US-Veritude/22/ad168ed6-dd5f-4bf7-a767-0ebffce5feac"
"Staff Software Engineer - Embedded C++","Altran","MA","Burlington","https://job-openings.monster.com/Staff-Software-Engineer-Embedded-C-Burlington-MA-US-Altran/11/186490239"
"Senior Cloud Software Engineer","Endurance International Group","MA","Waltham","https://job-openings.monster.com/Senior-Cloud-Software-Engineer-Waltham-MA-US-Endurance-International-Group/22/d9d53c22-125d-424c-9ea4-2c7e58d3fc6e"
"Software Engineer","Math Works","MA","Dorchester","https://job-openings.monster.com/Software-Engineer-Dorchester-MA-US-Math-Works/11/195132504"
"Computer Architectures Software Developer","Booz Allen Hamilton","MA","Lexington","https://job-openings.monster.com/Computer-Architectures-Software-Developer-Lexington-MA-US-Booz-Allen-Hamilton/22/93ab0cb1-4f6f-43a6-9295-34635515058d"
"Senior Statistical Programmer","PAREXEL International","MA","Boston","https://job-openings.monster.com/Senior-Statistical-Programmer-Boston-MA-US-PAREXEL-International/22/77dfbbe9-ab72-4495-9396-f638ec76d22b"
"Speech and Language Processing Software Engineer","Minuteman Group LLC","MA","Lexington","https://job-openings.monster.com/Speech-Language-Processing-Software-Engineer-Lexington-MA-US-Minuteman-Group-LLC/11/195329185"
"Software Development Infrastructure Engineer","Teradyne","MA","Bedford","https://job-openings.monster.com/Software-Development-Infrastructure-Engineer-Bedford-MA-US-Teradyne/11/194881012"
"Senior Statistical Programmer","Advanced Clinical","MA","Cambridge","https://job-openings.monster.com/Senior-Statistical-Programmer-Cambridge-MA-US-Advanced-Clinical/22/b3a8c2f9-d219-45ac-b1c6-16eedde40d84"
"Java Software Engineer","Solidus","MA","Lexington","https://job-openings.monster.com/Java-Software-Engineer-Lexington-MA-US-Solidus/11/195022413"
"Software Development Engineer","Festo Corporation","MA","Boston","https://job-openings.monster.com/Software-Development-Engineer-Boston-MA-US-Festo-Corporation/11/194619765"
"Software Systems Engineer - III","APEX Systems","MA","Lowell","https://job-openings.monster.com/Software-Systems-Engineer-III-Lowell-MA-US-APEX-Systems/11/195347329"
"Software Engineer","Nesco Resource","MA","Billerica","https://job-openings.monster.com/Software-Engineer-Billerica-MA-US-Nesco-Resource/11/195318445"
"Senior Software Engineer","AUTHRIGHT INC.","MA","Dedham","https://job-openings.monster.com/Senior-Software-Engineer-Dedham-MA-US-AUTHRIGHT-INC/11/195123499"
"Lead Java Software Engineer","Randstad Technologies","MA","Boston","https://job-openings.monster.com/Lead-Java-Software-Engineer-Boston-MA-US-Randstad-Technologies/11/195328085"
"Software Engineer (Backend)","Highview Partners","MA","Boston","https://job-openings.monster.com/Software-Engineer-Backend-Boston-MA-US-Highview-Partners/11/195326350"
"Ruby on Rails Software Engineer","Daley and Associates","MA","Boston","https://job-openings.monster.com/Ruby-on-Rails-Software-Engineer-Boston-MA-US-Daley-Associates/11/194650162"
"Senior Software Engineer","Commuter Benefit Solutions, by Edenred","MA","Newton","https://job-openings.monster.com/Senior-Software-Engineer-Newton-MA-US-Commuter-Benefit-Solutions-by-Edenred/11/194223880"
"Software Engineer","oneZero Financial Systems","MA","Cambridge","https://job-openings.monster.com/Software-Engineer-Cambridge-MA-US-oneZero-Financial-Systems/11/187864260"
"Software Engineer in Test (SDET)","NTT DATA Services","MA","Wellesley","https://job-openings.monster.com/Software-Engineer-in-Test-SDET-Wellesley-MA-US-NTT-DATA-Services/11/194808599"
"Software Engineer / Tech Lead","Company Confidential","MA","Boston","https://job-openings.monster.com/Software-Engineer-Tech-Lead-Boston-MA-US/11/194806684"
"Senior Software Engineer","Beacon Hill Staffing Group","MA","Boston","https://job-openings.monster.com/Senior-Software-Engineer-Boston-MA-US-Beacon-Hill-Staffing-Group/11/195252859"
"Senior Software Engineer","Genpact","MA","Braintree","https://job-openings.monster.com/Senior-Software-Engineer-Braintree-MA-US-Genpact/11/195145397"
"Software Engineer","Juniper Networks","MA","Westford","https://job-openings.monster.com/Software-Engineer-Westford-MA-US-Juniper-Networks/11/195145028"
"Sr. Software Engineer","Liberty Personnel","MA","Waltham","https://job-openings.monster.com/Sr-Software-Engineer-Waltham-MA-US-Liberty-Personnel/11/195110900"
"Software Engineer (C#, .NET, Java, Ruby)","Strategic IT Staffing","MA","Boston","https://job-openings.monster.com/Software-Engineer-C-NET-Java-Ruby-Boston-MA-US-Strategic-IT-Staffing/11/194666404"
"Senior /Lead Software Engineer","ReSource Technology Partners","MA","Kendall Square","https://job-openings.monster.com/Senior-Lead-Software-Engineer-Kendall-Square-MA-US-ReSource-Technology-Partners/11/195085005"
"Principal IT Software Engineer","PerkinElmer","MA","Waltham","https://job-openings.monster.com/Principal-IT-Software-Engineer-Waltham-MA-US-PerkinElmer/11/195095584"
"Software Automation Engineer Intern (2 positions) (3705)","IDEMIA","MA","Billerica","https://job-openings.monster.com/Software-Automation-Engineer-Intern-2-positions-3705-Billerica-MA-US-IDEMIA/11/195042762"
"Android Software Engineer","Provident Search Group Inc","MA","Cambridge","https://job-openings.monster.com/Android-Software-Engineer-Cambridge-MA-US-Provident-Search-Group-Inc/11/195047620"
"Senior Software Engineer","WinterWyman","MA","Boston","https://job-openings.monster.com/Senior-Software-Engineer-Boston-MA-US-WinterWyman/11/195009662"
"Senior Software Engineer, Ed Tech (multiple positions) – Newton, MA  (TRN1016)","Renaissance Network","MA","Newton","https://job-openings.monster.com/Senior-Software-Engineer-Ed-Tech-multiple-positions-–-Newton-MA-TRN1016-Newton-MA-US-Renaissance-Network/11/195014061"
"Software Verification Engineer","Voca","MA","Burlington","https://job-openings.monster.com/Software-Verification-Engineer-Burlington-MA-US-Voca/11/195007244"
"DEVOPS SOFTWARE ENGINEER - FTS requisition number 0000056288","GCR Professional Services","MA","Cambridge","https://job-openings.monster.com/DEVOPS-SOFTWARE-ENGINEER-FTS-requisition-number-0000056288-Cambridge-MA-US-GCR-Professional-Services/11/195017991"
"Backend Software Engineer (Python/Django)","Strategic Employment Partners","MA","Boston","https://job-openings.monster.com/Backend-Software-Engineer-Python-Django-Boston-MA-US-Strategic-Employment-Partners/11/194603551"
"Sr. Software Engineer","Clean Harbors","MA","Norwell","https://job-openings.monster.com/Sr-Software-Engineer-Norwell-MA-US-Clean-Harbors/11/194546082"
"Robotics Software Engineer","Massachusetts Institute of Technology","MA","Cambridge","https://job-openings.monster.com/Robotics-Software-Engineer-Cambridge-MA-US-Massachusetts-Institute-of-Technology/11/193866742"
"Applications Engineer","Entegris, Inc.","MA","Bedford","https://job-openings.monster.com/Applications-Engineer-Bedford-MA-US-Entegris-Inc/22/927b183d-97f7-471c-b4c1-c38318bd9f2c"
"Jr. Software Engineer","Sefas Innovation, Inc.","MA","Burlington","https://job-openings.monster.com/Jr-Software-Engineer-Burlington-MA-US-Sefas-Innovation-Inc/11/194602528"
"Cloud Deployment Engineer","Kane Partners LLC","MA","Boston","https://job-openings.monster.com/Cloud-Deployment-Engineer-Boston-MA-US-Kane-Partners-LLC/11/194939859"
"Cloud Software Engineers","Softworld Inc","MA","Waltham","https://job-openings.monster.com/Cloud-Software-Engineers-Waltham-MA-US-Softworld-Inc/11/194796467"
"Cloud Engineer","RapidIT","MA","Boston","https://job-openings.monster.com/Cloud-Engineer-Boston-MA-US-RapidIT/11/195207572"
"Software Engineer III","Chewy.com","MA","Boston","https://job-openings.monster.com/Software-Engineer-III-Boston-MA-US-Chewy-com/11/195145030"
"Staff Engineer, System Applications","Infineon Technologies Americas Corp.","MA","Tewksbury","https://job-openings.monster.com/Staff-Engineer-System-Applications-Tewksbury-MA-US-Infineon-Technologies-Americas-Corp/11/195143164"
"Lead Cloud Engineer","Open Systems Technologies","MA","BOSTON","https://job-openings.monster.com/Lead-Cloud-Engineer-BOSTON-MA-US-Open-Systems-Technologies/11/195097589"
"Senior Cloud Engineer - to $100 per hour","Incendia Partners, Inc.","MA","Boston","https://job-openings.monster.com/Senior-Cloud-Engineer-to-100-per-hour-Boston-MA-US-Incendia-Partners-Inc/11/195243368"
"Sr. Java Developer","Maxima Consulting Inc.","MA","Boston","https://job-openings.monster.com/Sr-Java-Developer-Boston-MA-US-Maxima-Consulting-Inc/11/194087830"
"Core Java Developer with strong Oracle PL/SQL","Mastech Digital","MA","Lowell","https://job-openings.monster.com/Core-Java-Developer-with-strong-Oracle-PL-SQL-Lowell-MA-US-Mastech-Digital/11/194588341"
"Java/J2EE developer (Full time opportunity)","Saksoft Ltd","MA","maynard","https://job-openings.monster.com/Java-J2EE-developer-Full-time-opportunity-maynard-MA-US-Saksoft-Ltd/11/195206930"
"fullstack java developer","savantis LLC","MA","Boston","https://job-openings.monster.com/fullstack-java-developer-Boston-MA-US-savantis-LLC/11/195168471"
"C# Full Stack Developer - Boston MA","Flight Centre Travel Group","MA","Boston","https://job-openings.monster.com/C-Full-Stack-Developer-Boston-MA-Boston-MA-US-Flight-Centre-Travel-Group/11/194730374"
"Sr Java Full Stack Developer","Avonz","MA","Woburn","https://job-openings.monster.com/Sr-Java-Full-Stack-Developer-Woburn-MA-US-Avonz/11/195129882"
"Product Application Engineer- Boston","BrandSafway","MA","Canton","https://job-openings.monster.com/Product-Application-Engineer-Boston-Canton-MA-US-BrandSafway/11/194657456"
"Cloud / Devops Engineers","TechStar Consulting Services, Inc","MA","Boston","https://job-openings.monster.com/Cloud-Devops-Engineers-Boston-MA-US-TechStar-Consulting-Services-Inc/11/186882625"
"Sr. Java Developer","Aditi Staffing Private Limited","MA","Cambridge","https://job-openings.monster.com/Sr-Java-Developer-Cambridge-MA-US-Aditi-Staffing-Private-Limited/11/195007783"
"Applications Developer","Connexion Systems & Engineering","MA","Boston","https://job-openings.monster.com/Applications-Developer-Boston-MA-US-Connexion-Systems-Engineering/11/195035435"
"Direct Client - Jr. Java/J2EE Developer - Lowell, MA - Need Locals","InfoVision","MA","lowell","https://job-openings.monster.com/Direct-Client-Jr-Java-J2EE-Developer-Lowell-MA-Need-Locals-lowell-MA-US-InfoVision/11/195042320"
"Java/Python Developer","American Cybersystems","MA","boston","https://job-openings.monster.com/Java-Python-Developer-boston-MA-US-American-Cybersystems/11/194576095"
"Principal Java Engineer - Financial","Cypress Group","MA","Burlington","https://job-openings.monster.com/Principal-Java-Engineer-Financial-Burlington-MA-US-Cypress-Group/11/189584662"
"Java full stack developer","GS Global Services Inc.","MA","Lexington","https://job-openings.monster.com/Java-full-stack-developer-Lexington-MA-US-GS-Global-Services-Inc/11/194833484"
"Engineer - Software & Controls","FANUC America Corporation","MA","Holliston","https://job-openings.monster.com/Engineer-Software-Controls-Holliston-MA-US-FANUC-America-Corporation/11/195173986"
"Software Developer (Contract)","SNI Technology","MA","Marlborough","https://job-openings.monster.com/Software-Developer-Contract-Marlborough-MA-US-SNI-Technology/11/195157754"
"Oracle Applications Programmer / Analyst","4133630204","MA","Townsend","https://job-openings.monster.com/Oracle-Applications-Programmer-Analyst-Townsend-MA-US-4133630204/11/194410656"
"Sr. SW Engineer II","128 Technology","MA","Burlington","https://job-openings.monster.com/Sr-SW-Engineer-II-Burlington-MA-US-128-Technology/11/194797290"
"Sr./Principal Software Developer","OSRAM","MA","Wilmington","https://job-openings.monster.com/Sr-Principal-Software-Developer-Wilmington-MA-US-OSRAM/11/194796390"
"Sr. Software Engineer Integrations (Analytics and Machine Learning team)","AGFA NV","MA","Canton","https://job-openings.monster.com/Sr-Software-Engineer-Integrations-Analytics-Machine-Learning-team-Canton-MA-US-AGFA-NV/11/194563398"
"Junior .NET Developer","SRI Infotech","MA","Boston","https://job-openings.monster.com/Junior-NET-Developer-Boston-MA-US-SRI-Infotech/11/195322380"
"Full Stack Developer / Full Stack Email Developer","Onward Technologies Inc","MA","Cambridge","https://job-openings.monster.com/Full-Stack-Developer-Full-Stack-Email-Developer-Cambridge-MA-US-Onward-Technologies-Inc/11/195285312"
"Full Stack Developer","Talus Partners","MA","Boston","https://job-openings.monster.com/Full-Stack-Developer-Boston-MA-US-Talus-Partners/11/195287864"
".NET Developer","Communications & Power Industries","MA","Beverly","https://job-openings.monster.com/NET-Developer-Beverly-MA-US-Communications-Power-Industries/11/194261702"
"Web UI Developer","ICONMA","WA","Seattle","https://job-openings.monster.com/Web-UI-Developer-Seattle-WA-US-ICONMA/11/194794273"
"Senior Principal Software Engineer","Red Hat Inc.","MA","Westford","https://job-openings.monster.com/Senior-Principal-Software-Engineer-Westford-MA-US-Red-Hat-Inc/11/195145032"
"Web Developer","Brooksource","MA","Lowell","https://job-openings.monster.com/Web-Developer-Lowell-MA-US-Brooksource/11/195123614"
"Sr Android Developer -ONSITE , On our W2 MUST no c2c , only if it is your own company.","I Services Inc","CT","Danbury","https://job-openings.monster.com/Sr-Android-Developer-ONSITE-On-our-W2-MUST-no-c2c-only-if-it-is-your-own-company-Danbury-CT-US-I-Services-Inc/11/184492771"
".NET DEVELOPER","Business Knowledge Services","MA","Quincy","https://job-openings.monster.com/NET-DEVELOPER-Quincy-MA-US-Business-Knowledge-Services/11/195092211"
"Senior.NET Developer","E-Talent Network","MA","Boston","https://job-openings.monster.com/Senior-NET-Developer-Boston-MA-US-E-Talent-Network/11/194607620"
"Database/Web Developer","Massachusetts Adoption Resource Exchange (MARE)","MA","Newton","https://job-openings.monster.com/Database-Web-Developer-Newton-MA-US-Massachusetts-Adoption-Resource-Exchange-MARE/11/195041495"
"iOS Developer","The Southwind Group","MA","Boston","https://job-openings.monster.com/iOS-Developer-Boston-MA-US-The-Southwind-Group/11/195012375"
"Control  System Application Engineer","Lighthouse Placement Services, LLC","MA","Billerica","https://job-openings.monster.com/Control-System-Application-Engineer-Billerica-MA-US-Lighthouse-Placement-Services-LLC/11/195010297"
"Senior Reporting Application Developer","Scadea Solutions","MA","Waltham","https://job-openings.monster.com/Senior-Reporting-Application-Developer-Waltham-MA-US-Scadea-Solutions/11/194870497"
"Progress/Open Edge applications Developer","Bravens Inc.","MA","Boston","https://job-openings.monster.com/Progress-Open-Edge-applications-Developer-Boston-MA-US-Bravens-Inc/11/191151884"
"Software Engineer (Experience in Mobile App development)","i2 IT Solutions Inc","TX","Irving","https://job-openings.monster.com/Software-Engineer-Experience-in-Mobile-App-development-Irving-TX-US-i2-IT-Solutions-Inc/11/194619043"
"Sr.JavaScript Developer/Sr. Java Developer with Front End/ Lead Java Developer","Kyyba","MA","Quincy","https://job-openings.monster.com/Sr-JavaScript-Developer-Sr-Java-Developer-with-Front-End-Lead-Java-Developer-Quincy-MA-US-Kyyba/11/194613761"
"Sitecore Developer","RedStream Technology","MA","Waltham","https://job-openings.monster.com/Sitecore-Developer-Waltham-MA-US-RedStream-Technology/11/195325669"
"Senior Lead Software Developer","CenturyLink","MA","Framingham","https://job-openings.monster.com/Senior-Lead-Software-Developer-Framingham-MA-US-CenturyLink/22/e273486e-7d21-4558-9e3b-ad5924b311d7"
"Web UI Developer/Designer","SDL","MA","Wakefield","https://job-openings.monster.com/Web-UI-Developer-Designer-Wakefield-MA-US-SDL/11/194822013"
"SAS Programmer,Biostatistician,Director/ASD of Biostatistics","TechData","MA","Cambridge","https://job-openings.monster.com/SAS-Programmer-Biostatistician-Director-ASD-of-Biostatistics-Cambridge-MA-US-TechData/11/195355522"
"Solutions Engineer (javascript developer) (Node.js, React, Angular)","Ascent sourcing Limited","MA","Lowell","https://job-openings.monster.com/Solutions-Engineer-javascript-developer-Node-js-React-Angular-Lowell-MA-US-Ascent-sourcing-Limited/11/195312429"
"ETL/BI Developer","California Creative Solutions","MA","Boston","https://job-openings.monster.com/ETL-BI-Developer-Boston-MA-US-California-Creative-Solutions/11/195338853"
"Field Applications Engineer (Power Supply – Medical)","Aeroindustryjobs","MA","Boston","https://job-openings.monster.com/Field-Applications-Engineer-Power-Supply-–-Medical-Boston-MA-US-Aeroindustryjobs/11/195294874"
"Hive/Spark Big Data Developers/Engineers","boston, ma","MA","Boston","https://job-openings.monster.com/Hive-Spark-Big-Data-Developers-Engineers-Boston-MA-US-boston-ma/11/195255823"
"Senior SAS Programmer","Green Key Resources","MA","Cambridge","https://job-openings.monster.com/Senior-SAS-Programmer-Cambridge-MA-US-Green-Key-Resources/11/194784105"
"Web Developer","New Directions","MA","Burlington","https://job-openings.monster.com/Web-Developer-Burlington-MA-US-New-Directions/11/194801283"
"Big Data RDBMS Developer in Boston, MA","Integrated Management Systems Inc.","MA","Boston","https://job-openings.monster.com/Big-Data-RDBMS-Developer-in-Boston-MA-Boston-MA-US-Integrated-Management-Systems-Inc/11/195207360"
"Graphic/Website Designer - Medical Device","Michael Page USA","MA","Burlington","https://job-openings.monster.com/Graphic-Website-Designer-Medical-Device-Burlington-MA-US-Michael-Page-USA/11/195223677"
"Data Analyst/ Programmer - Rouskin Lab","Whitehead Institute for Biomedical Research","MA","Cambridge","https://job-openings.monster.com/Data-Analyst-Programmer-Rouskin-Lab-Cambridge-MA-US-Whitehead-Institute-for-Biomedical-Research/11/195208651"
"Windows Architecture Engineer - Hanscom AFB (MA)","PCI Strategic Management, LLC","MA","Bedford","https://job-openings.monster.com/Windows-Architecture-Engineer-Hanscom-AFB-MA-Bedford-MA-US-PCI-Strategic-Management-LLC/11/195170846"
"iOS Developer","Market Street Talent","MA","Burlington","https://job-openings.monster.com/iOS-Developer-Burlington-MA-US-Market-Street-Talent/11/195328276"
"COMPUTER PROGRAMMER","INBIZ CONCEPTS INC","MA","NORWOOD","https://job-openings.monster.com/COMPUTER-PROGRAMMER-NORWOOD-MA-US-INBIZ-CONCEPTS-INC/11/195144881"
"Salesforce Integrations Developer","Genesis10","MA","Cambridge","https://job-openings.monster.com/Salesforce-Integrations-Developer-Cambridge-MA-US-Genesis10/11/194709172"
"Programmer","EDI Specialists, Inc.","MA","Foxboro","https://job-openings.monster.com/Programmer-Foxboro-MA-US-EDI-Specialists-Inc/11/195116313"
"SAS programmer","Fountain Group","MA","North Waltham","https://job-openings.monster.com/SAS-programmer-North-Waltham-MA-US-Fountain-Group/11/195084267"
"Oracle SOA Middleware Developer","CDI Corporation","MA","Waltham","https://job-openings.monster.com/Oracle-SOA-Middleware-Developer-Waltham-MA-US-CDI-Corporation/11/195072442"
"ETL Developer","Sriven Systems Inc.","MA","Boston","https://job-openings.monster.com/ETL-Developer-Boston-MA-US-Sriven-Systems-Inc/11/195080606"
"Sr. Clinical SAS Programmer - REMOTE","Kavaliro","MA","Boston","https://job-openings.monster.com/Sr-Clinical-SAS-Programmer-REMOTE-Boston-MA-US-Kavaliro/11/194605012"
"Jr. Statistical Programmer","Eliassen Group, LLC","MA","Reading","https://job-openings.monster.com/Jr-Statistical-Programmer-Reading-MA-US-Eliassen-Group-LLC/11/194965895"
"SharePoint Developer","Vlink","MA","Boston","https://job-openings.monster.com/SharePoint-Developer-Boston-MA-US-Vlink/11/194926287"
"Biostatistician,Director of Biostatistician,SAS Programmer","TechData Service Co","MA","Cambridge","https://job-openings.monster.com/Biostatistician-Director-of-Biostatistician-SAS-Programmer-Cambridge-MA-US-TechData-Service-Co/11/194739998"
"Web Designer","Onward Search","MA","Boston","https://job-openings.monster.com/Web-Designer-Boston-MA-US-Onward-Search/11/174249741"
"AWS Application Developer","Micro Systems Automation Group","MA","Boston","https://job-openings.monster.com/AWS-Application-Developer-Boston-MA-US-Micro-Systems-Automation-Group/11/192023682"
"Senior Business Systems Developr","MDH STAFFING","MA","Oxford","https://job-openings.monster.com/Senior-Business-Systems-Developr-Oxford-MA-US-MDH-STAFFING/11/195294972"
"Senior Bluetooth/Embedded Developer","Prolim Global","MA","Framingham","https://job-openings.monster.com/Senior-Bluetooth-Embedded-Developer-Framingham-MA-US-Prolim-Global/11/195321778"
"Web Developer","Systematix Technology Consultants Inc","MA","Framingham","https://job-openings.monster.com/Web-Developer-Framingham-MA-US-Systematix-Technology-Consultants-Inc/11/193715819"
"CMM Programmer","TechniPower","MA","ASHLAND","https://job-openings.monster.com/CMM-Programmer-ASHLAND-MA-US-TechniPower/11/195123243"
"Telecommunications Programmer / Systems Analyst","CALNET INC","MA","Boston","https://job-openings.monster.com/Telecommunications-Programmer-Systems-Analyst-Boston-MA-US-CALNET-INC/11/195329853"
"Principal Development Engineer","Verizon","MA","Waltham","https://job-openings.monster.com/Principal-Development-Engineer-Waltham-MA-US-Verizon/11/195145024"
"PHP/Drupal Developer_W2 Contract","Tech Mahindra Limited","MA","Lowell","https://job-openings.monster.com/PHP-Drupal-Developer_W2-Contract-Lowell-MA-US-Tech-Mahindra-Limited/11/195123627"
"Senior Software Engineer","DraftKings","MA","Boston","https://job-openings.monster.com/Senior-Software-Engineer-Boston-MA-US-DraftKings/22/7e5e8b5a-d91b-416c-92c6-4a02ac6af758"
"Internet / Intranet Web Designer","CALNET, INC.","MA","Boston","https://job-openings.monster.com/Internet-Intranet-Web-Designer-Boston-MA-US-CALNET-INC/11/194664292"
"Cloud Engineer with eInfochips an Arrow company","Arrow Electronics, Inc.","MA","Peabody","https://job-openings.monster.com/Cloud-Engineer-with-eInfochips-an-Arrow-company-Peabody-MA-US-Arrow-Electronics-Inc/22/0535bffd-dd35-4a9e-a649-1bc144d24dfd"
"Backend Software Engineer","Oculus Search Partners LLC","MA","Cambridge","https://job-openings.monster.com/Backend-Software-Engineer-Cambridge-MA-US-Oculus-Search-Partners-LLC/22/dd0cee57-bd95-4ba8-b808-2b0e13a92183"
"OSI PI Application Engineer","Cameron Craig Group","MA","Boston","https://job-openings.monster.com/OSI-PI-Application-Engineer-Boston-MA-US-Cameron-Craig-Group/22/d71dc5f8-bf36-4e3b-84f3-84f7e13093d0"
"Software Engineer","Hub Technology Group","MA","Cambridge","https://job-openings.monster.com/Software-Engineer-Cambridge-MA-US-Hub-Technology-Group/22/4dde31a8-6afd-4849-869d-50e1f7016c53"
"Robotics Software Engineer","Slide Brook Partners","MA","Boston","https://job-openings.monster.com/Robotics-Software-Engineer-Boston-MA-US-Slide-Brook-Partners/22/f2d08f54-61a7-4155-bb2a-22d48a66c77b"
"Software Engineer C++","Progressive Search Associates","MA","Boston","https://job-openings.monster.com/Software-Engineer-C-Boston-MA-US-Progressive-Search-Associates/22/694ee5ce-a99c-4938-975e-84959a2dd019"
"Senior Software Security Engineer","Rightstaff Recruiters LLC","MA","Boston","https://job-openings.monster.com/Senior-Software-Security-Engineer-Boston-MA-US-Rightstaff-Recruiters-LLC/22/1397d8c0-3f3f-40d9-83bc-b3a025e5646f"
"Senior Software Engineer - Java Developer","Mimecast Services Limited","MA","Lexington","https://job-openings.monster.com/Senior-Software-Engineer-Java-Developer-Lexington-MA-US-Mimecast-Services-Limited/22/d9794e79-10fe-4b2f-a0a4-e9fa6b179b00"
"Senior Software Engineer","FIS","MA","Boston","https://job-openings.monster.com/Senior-Software-Engineer-Boston-MA-US-FIS/22/0bbb624a-ef18-4cee-8e89-41fccad5f814"
"Full Stack Developer","PreVeil","MA","Boston","https://job-openings.monster.com/Full-Stack-Developer-Boston-MA-US-PreVeil/22/551767c1-7f82-436e-a198-c5c927dab46b"
"Front-end Web Developer","DMI Inc","MA","Burlington","https://job-openings.monster.com/Front-end-Web-Developer-Burlington-MA-US-DMI-Inc/22/1324346d-bff0-4c42-9029-9def90b0c2a9"
"Software Engineer-Cloud Computing","The Judge Group","MA","Framingham (CDP)","https://job-openings.monster.com/Software-Engineer-Cloud-Computing-Framingham-CDP-MA-US-The-Judge-Group/11/194865793"
"Senior Software Engineer","Kforce Inc","MA","North Reading","https://job-openings.monster.com/Senior-Software-Engineer-North-Reading-MA-US-Kforce-Inc/11/194890159"
"Senior .NET Software Engineer","CyberCoders","MA","Cambridge","https://job-openings.monster.com/Senior-NET-Software-Engineer-Cambridge-MA-US-CyberCoders/11/194821808"
"Software Requirements Engineer","Matrix Resources","MA","Norwood","https://job-openings.monster.com/Software-Requirements-Engineer-Norwood-MA-US-Matrix-Resources/11/195353900"
"Cloud Engineer, AWS, Financial Services","Eliassen Group","MA","Boston","https://job-openings.monster.com/Cloud-Engineer-AWS-Financial-Services-Boston-MA-US-Eliassen-Group/11/195343505"
"Embedded Software Engineer","Viva USA Inc.","MA","Billerica","https://job-openings.monster.com/Embedded-Software-Engineer-Billerica-MA-US-Viva-USA-Inc/11/195302465"
"Embedded Software Engineer","Radiant Systems Inc","MA","Billerica","https://job-openings.monster.com/Embedded-Software-Engineer-Billerica-MA-US-Radiant-Systems-Inc/11/195294167"
"Software Engineer","Superior Group","MA","Norwood","https://job-openings.monster.com/Software-Engineer-Norwood-MA-US-Superior-Group/11/194807215"
"Software Engineer- Virtualization","Hollister Staffing","MA","Boston","https://job-openings.monster.com/Software-Engineer-Virtualization-Boston-MA-US-Hollister-Staffing/11/194762468"
"Systems Software Admin/Engineer","Collabera","MA","Boston","https://job-openings.monster.com/Systems-Software-Admin-Engineer-Boston-MA-US-Collabera/11/195177288"
"DBA/Software Engineer","Aptima, Inc.","MA","Woburn","https://job-openings.monster.com/DBA-Software-Engineer-Woburn-MA-US-Aptima-Inc/11/193609451"
"Sr. Systems Engineer (Electrical, Mechanical, Software)-Medical Device R&D","Smith & Nephew","MA","Andover","https://job-openings.monster.com/Sr-Systems-Engineer-Electrical-Mechanical-Software-Medical-Device-R-D-Andover-MA-US-Smith-Nephew/11/195258798"
"Software Architect","Shell TechWorks","MA","Cambridge","https://job-openings.monster.com/Software-Architect-Cambridge-MA-US-Shell-TechWorks/11/191912063"
"Associate Application Development Lab Specialist","Cabot Corporation","MA","Billerica","https://job-openings.monster.com/Associate-Application-Development-Lab-Specialist-Billerica-MA-US-Cabot-Corporation/22/aa821f0e-828b-4e7e-ac41-77ff86e00686"
"Cloud Technical Account Manager","Continental Resources Inc.","MA","Bedford","https://job-openings.monster.com/Cloud-Technical-Account-Manager-Bedford-MA-US-Continental-Resources-Inc/11/195321786"
"Technology Architect - US","Infosys","MA","Boston","https://job-openings.monster.com/Technology-Architect-US-Boston-MA-US-Infosys/11/195299377"
"SENIOR SALES EXECUTIVE - SAAS","StaffRight Associates","MA","Boston","https://job-openings.monster.com/SENIOR-SALES-EXECUTIVE-SAAS-Boston-MA-US-StaffRight-Associates/11/195121577"
"Senior Oracle Cloud SCM Functional Consultant","EA Team Inc","MA","Boston","https://job-openings.monster.com/Senior-Oracle-Cloud-SCM-Functional-Consultant-Boston-MA-US-EA-Team-Inc/11/195094283"
"Laboratory Technician I - MDX","Charles River Laboratories","MA","Wilmington","https://job-openings.monster.com/Laboratory-Technician-I-MDX-Wilmington-MA-US-Charles-River-Laboratories/11/194864376"
"Azure Devops Engineer","Larsen & Toubro Limited","MA","Billerica","https://job-openings.monster.com/Azure-Devops-Engineer-Billerica-MA-US-Larsen-Toubro-Limited/11/195213380"
"VP of Software Engineering","ExecuNet","MA","Boston","https://job-openings.monster.com/VP-of-Software-Engineering-Boston-MA-US-ExecuNet/22/b5416493-d518-47b1-b8f0-8c1ced1a737e"
"Integration/Test Software Engineer","Odyssey Systems Consulting Group","MA","Lexington","https://job-openings.monster.com/Integration-Test-Software-Engineer-Lexington-MA-US-Odyssey-Systems-Consulting-Group/22/eb53e935-651f-400f-8b25-81277e2f7ec8"
"Principal Software Engineer (Cloud)","Endurance International Group","MA","Burlington","https://job-openings.monster.com/Principal-Software-Engineer-Cloud-Burlington-MA-US-Endurance-International-Group/22/d11eb237-4f33-4ac1-ba2f-baaa3210bcba"
"Principal Statistical Programmer","PAREXEL International","MA","Boston","https://job-openings.monster.com/Principal-Statistical-Programmer-Boston-MA-US-PAREXEL-International/22/0a895ee2-7d3f-4da0-87ff-cce5cc21e853"
"Software Engineer","Minuteman Group LLC","MA","Lexington","https://job-openings.monster.com/Software-Engineer-Lexington-MA-US-Minuteman-Group-LLC/11/194573036"
"Senior Software Engineer","Daley and Associates","MA","Boston","https://job-openings.monster.com/Senior-Software-Engineer-Boston-MA-US-Daley-Associates/11/195093137"
"Software Engineer","Randstad Technologies","MA","Cambridge","https://job-openings.monster.com/Software-Engineer-Cambridge-MA-US-Randstad-Technologies/11/195227189"
"Software Engineer   JAVA   Universal Robots","Teradyne","MA","Boston","https://job-openings.monster.com/Software-Engineer-JAVA-Universal-Robots-Boston-MA-US-Teradyne/11/194769296"
"Lead Software Engineer (Data Platform Manager)","Company Confidential","MA","North Waltham","https://job-openings.monster.com/Lead-Software-Engineer-Data-Platform-Manager-North-Waltham-MA-US/11/194745791"
"Software Engineer","Juniper Networks","MA","Westford","https://job-openings.monster.com/Software-Engineer-Westford-MA-US-Juniper-Networks/11/195145025"
"C, C++, Matlab - Radar System Software Engineer","Solidus","MA","Lexington","https://job-openings.monster.com/C-C-Matlab-Radar-System-Software-Engineer-Lexington-MA-US-Solidus/11/195129438"
"Software Engineer","Liberty Personnel","MA","Waltham","https://job-openings.monster.com/Software-Engineer-Waltham-MA-US-Liberty-Personnel/11/195110906"
"Software Engineer (C#, Java, Python, Ruby)","Strategic IT Staffing","MA","Boston","https://job-openings.monster.com/Software-Engineer-C-Java-Python-Ruby-Boston-MA-US-Strategic-IT-Staffing/11/194596498"
"iOS Software Engineer","Provident Search Group Inc","MA","Cambridge","https://job-openings.monster.com/iOS-Software-Engineer-Cambridge-MA-US-Provident-Search-Group-Inc/11/195047014"
"Senior Software Engineer","WinterWyman","MA","Boston","https://job-openings.monster.com/Senior-Software-Engineer-Boston-MA-US-WinterWyman/11/194572702"
"Jr Software Engineer","Strategic Employment Partners","MA","Cambridge","https://job-openings.monster.com/Jr-Software-Engineer-Cambridge-MA-US-Strategic-Employment-Partners/11/195328245"
"Enterprise Cloud/Java Developer - W2 Only","NTT DATA Services","MA","Boston","https://job-openings.monster.com/Enterprise-Cloud-Java-Developer-W2-Only-Boston-MA-US-NTT-DATA-Services/11/194881999"
"Principal Filtration Development Engineer, New Markets","Entegris, Inc.","MA","Billerica","https://job-openings.monster.com/Principal-Filtration-Development-Engineer-New-Markets-Billerica-MA-US-Entegris-Inc/22/ff9e24e6-1d55-4ac5-a102-5c1959d44cb0"
"Senior Java-SQL-AWS Developer","Open Systems Technologies","MA","RLBOROUGH","https://job-openings.monster.com/Senior-Java-SQL-AWS-Developer-MARLBOROUGH-MA-US-Open-Systems-Technologies/11/195097334"
"Software Application Programmer/Coder - III","APEX Systems","MA","Lowell","https://job-openings.monster.com/Software-Application-Programmer-Coder-III-Lowell-MA-US-APEX-Systems/11/195347512"
"Full Stack Software Engineers","Softworld Inc","MA","Boston","https://job-openings.monster.com/Full-Stack-Software-Engineers-Boston-MA-US-Softworld-Inc/11/194828748"
"Software Engineers - Python","Beacon Hill Staffing Group","MA","Boston","https://job-openings.monster.com/Software-Engineers-Python-Boston-MA-US-Beacon-Hill-Staffing-Group/11/195252704"
"Java Developer","Mastech Digital","MA","Boston","https://job-openings.monster.com/Java-Developer-Boston-MA-US-Mastech-Digital/11/194822975"
"Junior C# Full Stack Developer - Boston MA","Flight Centre Travel Group","MA","Boston","https://job-openings.monster.com/Junior-C-Full-Stack-Developer-Boston-MA-Boston-MA-US-Flight-Centre-Travel-Group/11/195067813"
"Sr. Full-Stack Java Developer","Cypress Group","MA","Boston","https://job-openings.monster.com/Sr-Full-Stack-Java-Developer-Boston-MA-US-Cypress-Group/11/194435647"
"Engineer - Software & Controls","FANUC America Corporation","MA","Holliston","https://job-openings.monster.com/Engineer-Software-Controls-Holliston-MA-US-FANUC-America-Corporation/11/195077829"
"Sr. Software Engineer Server (Analytics and Machine Learning Team)","AGFA NV","MA","Canton","https://job-openings.monster.com/Sr-Software-Engineer-Server-Analytics-Machine-Learning-Team-Canton-MA-US-AGFA-NV/11/194564192"
"Django Developer","Avonz","MA","Burlington","https://job-openings.monster.com/Django-Developer-Burlington-MA-US-Avonz/11/195299626"
"Sr. Hadoop Developer","Maxima Consulting Inc.","MA","Boston","https://job-openings.monster.com/Sr-Hadoop-Developer-Boston-MA-US-Maxima-Consulting-Inc/11/193799832"
"Project Applications Developer (Ruby On Rails)","E-Talent Network","MA","Boston","https://job-openings.monster.com/Project-Applications-Developer-Ruby-On-Rails-Boston-MA-US-E-Talent-Network/11/194610578"
"Senior Web Developer, Ed Tech (multiple positions) Newton, MA (TRN1024)","Renaissance Network","MA","Newton","https://job-openings.monster.com/Senior-Web-Developer-Ed-Tech-multiple-positions-Newton-MA-TRN1024-Newton-MA-US-Renaissance-Network/11/195014044"
"Sitecore Developer","RedStream Technology","MA","Waltham","https://job-openings.monster.com/Sitecore-Developer-Waltham-MA-US-RedStream-Technology/11/194848662"
"Embedded Developer","ReSource Technology Partners","MA","Hopkinton","https://job-openings.monster.com/Embedded-Developer-Hopkinton-MA-US-ReSource-Technology-Partners/11/195213785"
"Sr Lead Software Developer","CenturyLink","MA","Framingham","https://job-openings.monster.com/Sr-Lead-Software-Developer-Framingham-MA-US-CenturyLink/22/b32ee79b-3252-44f4-92e6-e8827c991d07"
"Senior Principal Programmer","Green Key Resources","MA","Cambridge","https://job-openings.monster.com/Senior-Principal-Programmer-Cambridge-MA-US-Green-Key-Resources/11/194784113"
"SharePoint Developer/Administrator","Market Street Talent","MA","Burlington","https://job-openings.monster.com/SharePoint-Developer-Administrator-Burlington-MA-US-Market-Street-Talent/11/195328262"
"Cloud Engineer (Kubernetes)","Brooksource","MA","Boston","https://job-openings.monster.com/Cloud-Engineer-Kubernetes-Boston-MA-US-Brooksource/11/195166530"
"Sr Drupal Developer","InfoVision","MA","Lowell","https://job-openings.monster.com/Sr-Drupal-Developer-Lowell-MA-US-InfoVision/11/195170868"
"SAS programmer","Fountain Group","MA","North Waltham","https://job-openings.monster.com/SAS-programmer-North-Waltham-MA-US-Fountain-Group/11/195084242"
"Oracle Fusion Middleware Developer/Lead","CDI Corporation","MA","Waltham","https://job-openings.monster.com/Oracle-Fusion-Middleware-Developer-Lead-Waltham-MA-US-CDI-Corporation/11/195011833"
"RF GPS Development Engineer","GCR Professional Services","MA","Cambridge","https://job-openings.monster.com/RF-GPS-Development-Engineer-Cambridge-MA-US-GCR-Professional-Services/11/195017535"
"Sr. Battery Development Engineer, Li-Ion","Michael Page USA","MA","Boston","https://job-openings.monster.com/Sr-Battery-Development-Engineer-Li-Ion-Boston-MA-US-Michael-Page-USA/11/194543561"
"Oracle eCommerce Developer - (Endeca - ATG)","New Directions","MA","Boston","https://job-openings.monster.com/Oracle-eCommerce-Developer-Endeca-ATG-Boston-MA-US-New-Directions/11/193106883"
"Informatica Developer","Business Knowledge Services","MA","Framingham","https://job-openings.monster.com/Informatica-Developer-Framingham-MA-US-Business-Knowledge-Services/11/195258037"
"Programmer Machinist","Nesco Resource","MA","Wakefield","https://job-openings.monster.com/Programmer-Machinist-Wakefield-MA-US-Nesco-Resource/11/195245736"
"Full stack Developers","TechStar Consulting Services, Inc","MA","Lowell","https://job-openings.monster.com/Full-stack-Developers-Lowell-MA-US-TechStar-Consulting-Services-Inc/11/194646623"
"Full Stack Java Developer with eInfochips an Arrow Company","Arrow Electronics, Inc.","MA","Peabody","https://job-openings.monster.com/Full-Stack-Java-Developer-with-eInfochips-an-Arrow-Company-Peabody-MA-US-Arrow-Electronics-Inc/22/796db13b-191d-443a-a734-c2ab390ac37d"
"Principal Software & Web Engineer","Hub Technology Group","MA","Boston","https://job-openings.monster.com/Principal-Software-Web-Engineer-Boston-MA-US-Hub-Technology-Group/22/ebed3a27-5f73-4515-a417-eeb9226c5a6d"
"Software Engineer","Oculus Search Partners LLC","MA","Woburn","https://job-openings.monster.com/Software-Engineer-Woburn-MA-US-Oculus-Search-Partners-LLC/22/b6411e54-3c32-4330-87e3-803fb08f523c"
"Senior Software Engineer - Security Services","Mimecast Services Limited","MA","Lexington","https://job-openings.monster.com/Senior-Software-Engineer-Security-Services-Lexington-MA-US-Mimecast-Services-Limited/22/d6e544b2-6325-4192-b5ba-5f1ce23f60f2"
"Software Engineer","The Judge Group","MA","Framingham (CDP)","https://job-openings.monster.com/Software-Engineer-Framingham-CDP-MA-US-The-Judge-Group/11/194956001"
"Full Stack Software Engineer - Python, Django","CyberCoders","MA","Cambridge","https://job-openings.monster.com/Full-Stack-Software-Engineer-Python-Django-Cambridge-MA-US-CyberCoders/11/195346771"
"Full Stack Java Software Engineer","Hollister Staffing","MA","Waltham","https://job-openings.monster.com/Full-Stack-Java-Software-Engineer-Waltham-MA-US-Hollister-Staffing/11/195171099"
"Senior Software Engineer Math, C++, Windows","Kforce Inc","MA","Burlington","https://job-openings.monster.com/Senior-Software-Engineer-Math-C-Windows-Burlington-MA-US-Kforce-Inc/11/194718234"
"Software Engineer","Eliassen Group","MA","Boston","https://job-openings.monster.com/Software-Engineer-Boston-MA-US-Eliassen-Group/11/194669351"
"Agile Coach","Veritude","MA","Boston","https://job-openings.monster.com/Agile-Coach-Boston-MA-US-Veritude/22/2aec88aa-9e30-45ee-a8e0-82b1105a7d60"
"Scrum Master","SRI Infotech","MA","Norwood","https://job-openings.monster.com/Scrum-Master-Norwood-MA-US-SRI-Infotech/11/195332939"
"Laboratory Technician I - MDX","Charles River Laboratories","MA","Wilmington","https://job-openings.monster.com/Laboratory-Technician-I-MDX-Wilmington-MA-US-Charles-River-Laboratories/11/194864138"
"VP of Engineering","ExecuNet","MA","Boston","https://job-openings.monster.com/VP-of-Engineering-Boston-MA-US-ExecuNet/22/a6f65c2d-55e6-4c5d-81f5-a5e1cd67da83"
"Object Oriented Software Engineer III","Odyssey Systems Consulting Group","MA","Lexington","https://job-openings.monster.com/Object-Oriented-Software-Engineer-III-Lexington-MA-US-Odyssey-Systems-Consulting-Group/22/7e6d1100-4e1a-41da-b4b2-d7042ba61c21"
"Software Engineer - Full Stack","Endurance International Group","MA","Waltham","https://job-openings.monster.com/Software-Engineer-Full-Stack-Waltham-MA-US-Endurance-International-Group/22/dbbe0209-1f05-4fa8-b6b5-f0ce9fce87b5"
"Missile Software Engineer","Minuteman Group LLC","MA","Lexington","https://job-openings.monster.com/Missile-Software-Engineer-Lexington-MA-US-Minuteman-Group-LLC/11/195207089"
"Software Engineer (Series-A Startup)","Company Confidential","MA","Boston","https://job-openings.monster.com/Software-Engineer-Series-A-Startup-Boston-MA-US/11/194746090"
"Software Engineer","Teradyne","MA","North Reading","https://job-openings.monster.com/Software-Engineer-North-Reading-MA-US-Teradyne/11/194769299"
"C, C++, Java - Software Engineer","Solidus","MA","Lexington","https://job-openings.monster.com/C-C-Java-Software-Engineer-Lexington-MA-US-Solidus/11/195129559"
"Lead Cloud Engineer - Contract to Hire","NTT DATA Services","MA","Boston","https://job-openings.monster.com/Lead-Cloud-Engineer-Contract-to-Hire-Boston-MA-US-NTT-DATA-Services/11/195090342"
"Data Engineer with Python","Randstad Technologies","MA","Boston","https://job-openings.monster.com/Data-Engineer-with-Python-Boston-MA-US-Randstad-Technologies/11/195254478"
"Senior Java Developer","Open Systems Technologies","MA","BOSTON","https://job-openings.monster.com/Senior-Java-Developer-BOSTON-MA-US-Open-Systems-Technologies/11/194774801"
"Java Developer","Daley and Associates","MA","Boston","https://job-openings.monster.com/Java-Developer-Boston-MA-US-Daley-Associates/11/194216853"
"Tech Lead - C# ASP.NET/.NET CORE","Strategic Employment Partners","MA","Boston","https://job-openings.monster.com/Tech-Lead-C-ASP-NET-NET-CORE-Boston-MA-US-Strategic-Employment-Partners/11/194604189"
"Salesforce Developer","Mastech Digital","MA","Cambridge","https://job-openings.monster.com/Salesforce-Developer-Cambridge-MA-US-Mastech-Digital/11/195311337"
"Full Stack .NET Developer - Marlborough MA","Flight Centre Travel Group","MA","Marlborough","https://job-openings.monster.com/Full-Stack-NET-Developer-Marlborough-MA-Marlborough-MA-US-Flight-Centre-Travel-Group/11/195193282"
"Senior Lead Software Developer","CenturyLink","MA","Framingham","https://job-openings.monster.com/Senior-Lead-Software-Developer-Framingham-MA-US-CenturyLink/22/19e4cead-cbb3-4c61-b2cc-37caf74ffbb5"
"Lead Cloud Engineer","APEX Systems","MA","Boston","https://job-openings.monster.com/Lead-Cloud-Engineer-Boston-MA-US-APEX-Systems/11/195347408"
"SharePoint Developer","E-Talent Network","MA","Boston","https://job-openings.monster.com/SharePoint-Developer-Boston-MA-US-E-Talent-Network/11/194929573"
"SAS programmer","Fountain Group","MA","North Waltham","https://job-openings.monster.com/SAS-programmer-North-Waltham-MA-US-Fountain-Group/11/195084248"
"Senior Business Intelligence Developer","WinterWyman","MA","Boston","https://job-openings.monster.com/Senior-Business-Intelligence-Developer-Boston-MA-US-WinterWyman/11/194572479"
"Full Stack Java Developer with Strong Front End Skills","Beacon Hill Staffing Group","MA","Boston","https://job-openings.monster.com/Full-Stack-Java-Developer-with-Strong-Front-End-Skills-Boston-MA-US-Beacon-Hill-Staffing-Group/11/195054762"
"AWS Developer","InfoVision","MA","Lowell","https://job-openings.monster.com/AWS-Developer-Lowell-MA-US-InfoVision/11/195130457"
"Software Engineer","Hub Technology Group","MA","Boston","https://job-openings.monster.com/Software-Engineer-Boston-MA-US-Hub-Technology-Group/22/aeb900f7-de44-420f-b7c0-98f5bfd79904"
"Senior Software Engineer - Messaging Services","Mimecast Services Limited","MA","Lexington","https://job-openings.monster.com/Senior-Software-Engineer-Messaging-Services-Lexington-MA-US-Mimecast-Services-Limited/22/8fda1ac1-9710-4590-944a-a9ce3f7cf9d8"
"C++ Developer Music Software","Oculus Search Partners LLC","MA","Cambridge","https://job-openings.monster.com/C-Developer-Music-Software-Cambridge-MA-US-Oculus-Search-Partners-LLC/22/c9c7fcbd-29f6-4381-9ad7-75f03579fa72"
"Software Engineer","The Judge Group","MA","Framingham (CDP)","https://job-openings.monster.com/Software-Engineer-Framingham-CDP-MA-US-The-Judge-Group/11/194865796"
"Sr. Systems Software Engineer","CyberCoders","MA","Boston","https://job-openings.monster.com/Sr-Systems-Software-Engineer-Boston-MA-US-CyberCoders/11/195314045"
"Senior Software Engineer","Hollister Staffing","MA","Boston","https://job-openings.monster.com/Senior-Software-Engineer-Boston-MA-US-Hollister-Staffing/11/195171591"
"Contract .NET Software Developer","Eliassen Group","MA","Boston","https://job-openings.monster.com/Contract-NET-Software-Developer-Boston-MA-US-Eliassen-Group/11/194657253"
"Front End Java Developer","Kforce Inc","MA","Wellesley Hills","https://job-openings.monster.com/Front-End-Java-Developer-Wellesley-Hills-MA-US-Kforce-Inc/11/195332369"
"Embedded Software Engineer with eInfochips an Arrow Company","Arrow Electronics, Inc.","MA","Peabody","https://job-openings.monster.com/Embedded-Software-Engineer-with-eInfochips-an-Arrow-Company-Peabody-MA-US-Arrow-Electronics-Inc/22/18fb837e-b964-4d47-b38a-f82ccce915c9"
"Software Engineering Manager","Softworld Inc","MA","Burlington","https://job-openings.monster.com/Software-Engineering-Manager-Burlington-MA-US-Softworld-Inc/11/195258447"
"Software Engineering Manager","Avonz","MA","Woburn","https://job-openings.monster.com/Software-Engineering-Manager-Woburn-MA-US-Avonz/11/195129902"
"Web Marketing Manager - Enterprise SaaS","Michael Page USA","MA","Waltham","https://job-openings.monster.com/Web-Marketing-Manager-Enterprise-SaaS-Waltham-MA-US-Michael-Page-USA/11/194664369"
"VP Research Director Serving Application Development & Delivery","ExecuNet","MA","Cambridge","https://job-openings.monster.com/VP-Research-Director-Serving-Application-Development-Delivery-Cambridge-MA-US-ExecuNet/22/5bc3655f-59a9-4fda-b53f-b2f84c7ab779"
"Sr. Software Engineer","Odyssey Systems Consulting Group","MA","Lexington","https://job-openings.monster.com/Sr-Software-Engineer-Lexington-MA-US-Odyssey-Systems-Consulting-Group/22/2fd9cf7b-ddbf-41db-baf0-e440767ce262"
"Principal Software Engineer - Full Stack","Endurance International Group","MA","Waltham","https://job-openings.monster.com/Principal-Software-Engineer-Full-Stack-Waltham-MA-US-Endurance-International-Group/22/9d34d2c5-ff1c-4736-9c3d-9c3ea604288a"
"Senior Software Engineer (.NET)","Company Confidential","MA","North Waltham","https://job-openings.monster.com/Senior-Software-Engineer-NET-North-Waltham-MA-US/11/194746074"
"Integration and Test Software Engineer","Minuteman Group LLC","MA","Lexington","https://job-openings.monster.com/Integration-Test-Software-Engineer-Lexington-MA-US-Minuteman-Group-LLC/11/195169941"
"C++, Object Oriented Design -  Software Engineer","Solidus","MA","Lexington","https://job-openings.monster.com/C-Object-Oriented-Design-Software-Engineer-Lexington-MA-US-Solidus/11/195129343"
"Software Engineer, Robotics","Teradyne","MA","Bedford","https://job-openings.monster.com/Software-Engineer-Robotics-Bedford-MA-US-Teradyne/11/195298807"
"Java / UI Developer - Direct Hire","NTT DATA Services","MA","Boston","https://job-openings.monster.com/Java-UI-Developer-Direct-Hire-Boston-MA-US-NTT-DATA-Services/11/195243594"
