"Name","Company","City","State","Url"
"Marketing Data Scientist Specialist","PerkinElmer","Hopkinton","MA","https://job-openings.monster.com/Marketing-Data-Scientist-Specialist-Hopkinton-MA-US-PerkinElmer/11/194824772"
"Data Scientist,","SNI Technology","Boston","MA","https://job-openings.monster.com/Data-Scientist-Boston-MA-US-SNI-Technology/11/195157799"
"Data Scientist","Hollister Staffing","Boston","MA","https://job-openings.monster.com/Data-Scientist-Boston-MA-US-Hollister-Staffing/11/195379971"
"Senior Data Scientist (Python, R, AdTech)","CyberCoders","Boston","MA","https://job-openings.monster.com/Senior-Data-Scientist-Python-R-AdTech-Boston-MA-US-CyberCoders/11/195032507"
"100% Greenfield Project - AWS - Data Pipeline and Data Science","Company Confidential","Boston","MA","https://job-openings.monster.com/100-Greenfield-Project-AWS-Data-Pipeline-Data-Science-Boston-MA-US/11/194862954"
"Data Science Engineer","NTT DATA Services","Boston","MA","https://job-openings.monster.com/Data-Science-Engineer-Boston-MA-US-NTT-DATA-Services/11/195090321"
"Sr. Director Business Development - Boston / New England","IQVIA","Boston","MA","https://job-openings.monster.com/Sr-Director-Business-Development-Boston-New-England-Boston-MA-US-IQVIA/22/910ca2de-4397-457f-be69-936a806e42fc"
"VP of User Experience (Head of UX)","Monster-US","Weston","MA","https://job-openings.monster.com/VP-of-User-Experience-Head-of-UX-Weston-MA-US-Monster-US/11/194968542"
"Data Research Associate","Yoh","Boston","MA","https://job-openings.monster.com/Data-Research-Associate-Boston-MA-US-Yoh/11/195354628"
"Database Rest API Engineer","Randstad Technologies","Boston","MA","https://job-openings.monster.com/Database-Rest-API-Engineer-Boston-MA-US-Randstad-Technologies/11/195319969"
"Senior Analyst - Data Analytics","Michael Page USA","Boston","MA","https://job-openings.monster.com/Senior-Analyst-Data-Analytics-Boston-MA-US-Michael-Page-USA/11/195332639"
"UX/UI Product Designer","Connexion Systems & Engineering","Boston","MA","https://job-openings.monster.com/UX-UI-Product-Designer-Boston-MA-US-Connexion-Systems-Engineering/11/195208760"
"Programmer","EDI Specialists, Inc.","Foxboro","MA","https://job-openings.monster.com/Programmer-Foxboro-MA-US-EDI-Specialists-Inc/11/195116313"
"Senior Production Analyst","New England Quality Care Alliance","Braintree","MA","https://job-openings.monster.com/Senior-Production-Analyst-Braintree-MA-US-New-England-Quality-Care-Alliance/11/194603580"
"Client Success Representative","GfK Custom Research","Boston","MA","https://job-openings.monster.com/Client-Success-Representative-Boston-MA-US-GfK-Custom-Research/11/194841848"
"FullStack Developer (Python/Django)","Strategic Employment Partners","Boston","MA","https://job-openings.monster.com/FullStack-Developer-Python-Django-Boston-MA-US-Strategic-Employment-Partners/11/194585233"
"Robotics Software Engineer","Massachusetts Institute of Technology","Cambridge","MA","https://job-openings.monster.com/Robotics-Software-Engineer-Cambridge-MA-US-Massachusetts-Institute-of-Technology/11/193866742"
"Data Visualization Engineer","Aptima, Inc.","Woburn","MA","https://job-openings.monster.com/Data-Visualization-Engineer-Woburn-MA-US-Aptima-Inc/11/193609735"
"Enterprise Information Architect","Mimecast Services Limited","Lexington","MA","https://job-openings.monster.com/Enterprise-Information-Architect-Lexington-MA-US-Mimecast-Services-Limited/22/521085f3-f22d-473d-ae87-94bec55514a1"
"Software Engineer-Cloud Computing","The Judge Group","Framingham (CDP)","MA","https://job-openings.monster.com/Software-Engineer-Cloud-Computing-Framingham-CDP-MA-US-The-Judge-Group/11/194865793"
"Data Scientist","CyberCoders","Cambridge","MA","https://job-openings.monster.com/Data-Scientist-Cambridge-MA-US-CyberCoders/11/194821485"
"100% Greenfield Project - AWS - Data Pipeline and Data Science","Company Confidential","Boston","MA","https://job-openings.monster.com/100-Greenfield-Project-AWS-Data-Pipeline-Data-Science-Boston-MA-US/11/195124042"
"Data Science Analytics Leader","PerkinElmer","Waltham","MA","https://job-openings.monster.com/Data-Science-Analytics-Leader-Waltham-MA-US-PerkinElmer/11/195374179"
"Nurse Educator - Boston, MA - XWA18917","IQVIA","Boston","MA","https://job-openings.monster.com/Nurse-Educator-Boston-MA-XWA18917-Boston-MA-US-IQVIA/22/0e28c211-2aba-4893-9c7e-995dd02b2246"
"Machine Learning Engineers","The Judge Group","Burlington","MA","https://job-openings.monster.com/Machine-Learning-Engineers-Burlington-MA-US-The-Judge-Group/11/194755134"
"100% Greenfield Project - AWS - Data Pipeline and Data Science","Company Confidential","Boston","MA","https://job-openings.monster.com/100-Greenfield-Project-AWS-Data-Pipeline-Data-Science-Boston-MA-US/11/194652787"
"Director of Data - AI Software","CyberCoders","Boston","MA","https://job-openings.monster.com/Director-of-Data-AI-Software-Boston-MA-US-CyberCoders/11/195365831"
"Software Developer – Data Science and Engineering","Company Confidential","Boston","MA","https://job-openings.monster.com/Software-Developer-–-Data-Science-Engineering-Boston-MA-US/11/194612887"
"Machine Learning Engineer - Machine Learning Algorithms, Python,","CyberCoders","Boston","MA","https://job-openings.monster.com/Machine-Learning-Engineer-Machine-Learning-Algorithms-Python-Boston-MA-US-CyberCoders/11/195240941"
"Senior Backend Engineer (IoT)","Company Confidential","Boston","MA","https://job-openings.monster.com/Senior-Backend-Engineer-IoT-Boston-MA-US/11/194745932"
"Data Scientist, Advanced Analytics","Sun Life Financial","Wellesley Hills","MA","https://job-openings.monster.com/Data-Scientist-Advanced-Analytics-Wellesley-Hills-MA-US-Sun-Life-Financial/31/d21477c8-55c9-4dd5-b084-c14d9342b2b8"
"Data Scientist","Wolters Kluwer","Waltham","MA","https://job-openings.monster.com/Data-Scientist-Waltham-MA-US-Wolters-Kluwer/31/f7c3347d-593d-4b8b-af7c-8f0261c5b07b"
"Converse Lead Data Scientist","Nike","Boston","MA","https://job-openings.monster.com/Converse-Lead-Data-Scientist-Boston-MA-US-Nike/31/efe8eb24-9f5a-418f-88ed-d189e7b54da4"
"Machine Learning Data Scientist","Vertex","Boston","MA","https://job-openings.monster.com/Machine-Learning-Data-Scientist-Boston-MA-US-Vertex/31/c141936c-c9f7-447a-83fb-125b6a22ca91"
"Data Scientist","TekPartners","Boston","MA","https://job-openings.monster.com/Data-Scientist-Boston-MA-US-TekPartners/31/6fa6a21d-7f99-4f48-a328-b7ae3b95316a"
"Machine Learning Data Scientist","Vertex Pharmaceuticals","Boston","MA","https://job-openings.monster.com/Machine-Learning-Data-Scientist-Boston-MA-US-Vertex-Pharmaceuticals/31/6e5e3023-2378-4a2e-9ef3-7b32b928f60e"
"Product Business - Senior Data Scientist","The Boston Consulting Group","Boston","MA","https://job-openings.monster.com/Product-Business-Senior-Data-Scientist-Boston-MA-US-The-Boston-Consulting-Group/31/4b50f5f1-706d-443c-b53e-281d15895a8e"
"Data Scientist - Compliance","Sonesta","Boston","MA","https://job-openings.monster.com/Data-Scientist-Compliance-Boston-MA-US-Sonesta/31/8b42f00f-5650-4784-b6ec-afbc0a7d9780"
"Data Scientist","Amazon","Boston","MA","https://job-openings.monster.com/Data-Scientist-Boston-MA-US-Amazon/31/3e1abd4d-20a4-4f20-ae6a-d3affd98d5bc"
"Data Scientist","Shields Health Solutions","Quincy","MA","https://job-openings.monster.com/Data-Scientist-Quincy-MA-US-Shields-Health-Solutions/31/ae2959a5-51d3-405f-bda6-90ce2a913561"
"Senior Data Scientist - Strategic Model Development, Global Risk Solutions - (Job Number: 94980)","Liberty Mutual","Boston","MA","https://job-openings.monster.com/Senior-Data-Scientist-Strategic-Model-Development-Global-Risk-Solutions-Job-Number-94980-Boston-MA-US-Liberty-Mutual/31/a8e77890-5404-4c34-9bb5-2863fcbdea1b"
"Senior Data Scientist - Strategic Model Development, Global Risk Solutions","Liberty Mutual Insurance","Boston","MA","https://job-openings.monster.com/Senior-Data-Scientist-Strategic-Model-Development-Global-Risk-Solutions-Boston-MA-US-Liberty-Mutual-Insurance/31/68368e26-7ac9-4730-a107-215c97ce1e9d"
"Data Scientist","Veritude","Boston","MA","https://job-openings.monster.com/Data-Scientist-Boston-MA-US-Veritude/31/811461a7-1a7f-4251-aa48-fcd97851e2f9"
"Data Scientist","Pluralsight","Boston","MA","https://job-openings.monster.com/Data-Scientist-Boston-MA-US-Pluralsight/31/c5b4caef-5690-4677-8549-6ac50fce8aa5"
"Senior Data Scientist","TripAdvisor","Needham","MA","https://job-openings.monster.com/Senior-Data-Scientist-Needham-MA-US-TripAdvisor/31/23aa2e2d-8360-46b5-8ae6-b6fc6e5fdcca"
"Data Scientist (Imaging) / Cheminformatician","Novartis Europharm","Cambridge","MA","https://job-openings.monster.com/Data-Scientist-Imaging-Cheminformatician-Cambridge-MA-US-Novartis-Europharm/31/902b4f55-45ee-430b-9662-44b899d180dc"
"Data Scientist - Cancer Dependency Map","The Broad Institute","Cambridge","MA","https://job-openings.monster.com/Data-Scientist-Cancer-Dependency-Map-Cambridge-MA-US-The-Broad-Institute/31/28c1d6b9-a29d-49b0-a3d7-b845bbfb3e5a"
"Data Scientist (Imaging) / Cheminformatician","Novartis Pharmaceuticals Corporation","Cambridge","MA","https://job-openings.monster.com/Data-Scientist-Imaging-Cheminformatician-Cambridge-MA-US-Novartis-Pharmaceuticals-Corporation/31/ca4bdfd4-fa1d-4442-97e5-129dae0926fd"
"Data Scientist - Biostatistics and Computational Biology","Dana-Farber Cancer Institute","Boston","MA","https://job-openings.monster.com/Data-Scientist-Biostatistics-Computational-Biology-Boston-MA-US-Dana-Farber-Cancer-Institute/31/f06d0f5e-dcd4-4486-8a76-8bd840849b10"
"Data Scientist-Innovation","Eli Lilly and Company","Cambridge","MA","https://job-openings.monster.com/Data-Scientist-Innovation-Cambridge-MA-US-Eli-Lilly-Company/31/b2338c9f-f637-45e3-9d2d-5351e3b984d4"
"Data Scientist","Forrester Research","Cambridge","MA","https://job-openings.monster.com/Data-Scientist-Cambridge-MA-US-Forrester-Research/31/ab57bbdf-36fd-46c8-af9a-948b10da151a"
"Data Scientist","Forrester","Cambridge","MA","https://job-openings.monster.com/Data-Scientist-Cambridge-MA-US-Forrester/31/0c8f3d5f-88aa-4db2-af6f-3b5f7eb8fe1b"
"Principal Data Scientist","Nanigans","Boston","MA","https://job-openings.monster.com/Principal-Data-Scientist-Boston-MA-US-Nanigans/31/6e0e29cb-bbd1-4855-ae4a-2e70283b030a"
"Data Scientist","Homesite Insurance","Boston","MA","https://job-openings.monster.com/Data-Scientist-Boston-MA-US-Homesite-Insurance/31/f238b307-860a-42aa-bd00-568b97b6140f"
"Data Scientist, Algorithms","Wayfair LLC","Boston","MA","https://job-openings.monster.com/Data-Scientist-Algorithms-Boston-MA-US-Wayfair-LLC/31/e8961df4-fb64-4beb-83f3-a5c8dc918f9f"
"Data Scientist - Compliance","MFS","Boston","MA","https://job-openings.monster.com/Data-Scientist-Compliance-Boston-MA-US-MFS/31/ccc1756f-1bc9-41e9-91d5-de9d64dff780"
"Quantitative Analyst/Data Scientist","The McGraw-Hill Companies Financial","Boston","MA","https://job-openings.monster.com/Quantitative-Analyst-Data-Scientist-Boston-MA-US-The-McGraw-Hill-Companies-Financial/31/565e7168-f581-4137-bde3-1adce8a218e6"
"Data Scientist / Artificial Intelligence Specialist","Kronos Incorporated","Lowell","MA","https://job-openings.monster.com/Data-Scientist-Artificial-Intelligence-Specialist-Lowell-MA-US-Kronos-Incorporated/31/756beff4-adde-46af-a6dc-c356b353a904"
"Sr. Software Engineer - RDA / NLP Engineer - Data Scientist","The Resource Collaborative","Boston","MA","https://job-openings.monster.com/Sr-Software-Engineer-RDA-NLP-Engineer-Data-Scientist-Boston-MA-US-The-Resource-Collaborative/31/0c39ac78-2ac7-4bde-88b9-9e3657d0ac3e"
"Senior Drone Software Specialist/Data Scientist","Windwalker Group","Boston","MA","https://job-openings.monster.com/Senior-Drone-Software-Specialist-Data-Scientist-Boston-MA-US-Windwalker-Group/31/fbe5c206-7f4e-4151-8e03-e043d49b0bed"
"573938 /Data Scientist","Enterprise Solutions Inc.","North Quincy","MA","https://job-openings.monster.com/573938-Data-Scientist-North-Quincy-MA-US-Enterprise-Solutions-Inc/31/9e96fb53-b605-4fef-bb89-642d9bbc2821"
"Data Scientist at Quincy, MA","h3-Technologies","Quincy","MA","https://job-openings.monster.com/Data-Scientist-at-Quincy-MA-Quincy-MA-US-h3-Technologies/31/426e5f0d-3b76-427d-9d0e-e5582d861cc3"
"Sr. Data Scientist","MITRE","Bedford","MA","https://job-openings.monster.com/Sr-Data-Scientist-Bedford-MA-US-MITRE/31/653a6168-3e13-413e-98c0-4385cbd5d4b3"
"AML/KYC Data Scientist","IBM","Boston","MA","https://job-openings.monster.com/AML-KYC-Data-Scientist-Boston-MA-US-IBM/31/5b4f4834-e671-463d-bd02-24f080f2e526"
"AI Engineer / Data Scientist","Net2Source","Boston","MA","https://job-openings.monster.com/AI-Engineer-Data-Scientist-Boston-MA-US-Net2Source/31/b26cda58-7684-4b9f-be71-96b8914bc659"
"Data Scientist","CYNET SYSTEMS Inc.","Boston","MA","https://job-openings.monster.com/Data-Scientist-Boston-MA-US-CYNET-SYSTEMS-Inc/31/fb1e8397-c1fe-4eaa-a08c-8fb785e9c26c"
"Data Scientist","Softpath System LLC","Boston","MA","https://job-openings.monster.com/Data-Scientist-Boston-MA-US-Softpath-System-LLC/31/43ff7df4-7bf2-4cf9-84db-6985d34551fa"
"Data Scientist","EF Education First Ltd","Cambridge","MA","https://job-openings.monster.com/Data-Scientist-Cambridge-MA-US-EF-Education-First-Ltd/31/291b541f-8280-479d-a8f7-ee5001ac8953"
"Senior Data Scientist","Roberts Recruiting","Boston","MA","https://job-openings.monster.com/Senior-Data-Scientist-Boston-MA-US-Roberts-Recruiting/31/952be68a-a623-4384-8ea6-b3b3eb2c28cc"
"Data Scientist - Digital Attribution Developer (Boston, MA, US)","Nielsen","Boston","MA","https://job-openings.monster.com/Data-Scientist-Digital-Attribution-Developer-Boston-MA-US-Boston-MA-US-Nielsen/31/92ffdd68-fc09-42bc-88e0-964fd5e5fc81"
"Data Scientist (Co-op) - Retail Business Services","Retail Business Services","Quincy","MA","https://job-openings.monster.com/Data-Scientist-Co-op-Retail-Business-Services-Quincy-MA-US-Retail-Business-Services/31/227baf0b-4f2d-4896-aaac-1c82897260e1"
"Data Scientist","TalentBurst, Inc","Boston","MA","https://job-openings.monster.com/Data-Scientist-Boston-MA-US-TalentBurst-Inc/31/cfca25b7-ca20-4da1-969e-2e75602c97a5"
"Senior Data Scientist (11084)","Alexion Pharmaceuticals, Inc.","Boston","MA","https://job-openings.monster.com/Senior-Data-Scientist-11084-Boston-MA-US-Alexion-Pharmaceuticals-Inc/31/18554740-3b3a-4398-92e6-bd7158f41796"
"Data Scientist","MassMutual","Boston","MA","https://job-openings.monster.com/Data-Scientist-Boston-MA-US-MassMutual/31/390a8bdd-37f7-4a9a-b30c-39a11072c404"
"Data Scientist","Barings Corporate","Boston","MA","https://job-openings.monster.com/Data-Scientist-Boston-MA-US-Barings-Corporate/31/e1797914-869a-4e28-98b0-fd2ce35b00ff"
"Principal Data Scientist (Boston)","QuantumBlack","Boston","MA","https://job-openings.monster.com/Principal-Data-Scientist-Boston-Boston-MA-US-QuantumBlack/31/95b7c0b8-f86a-4a28-8146-fbbf706f6aed"
"Data Scientist (Product)","Spotify","Boston","MA","https://job-openings.monster.com/Data-Scientist-Product-Boston-MA-US-Spotify/31/3ac36588-aa76-44a0-8fee-6629aff9cad3"
"Postdoctoral Data Scientist: GIS and mHealth","Harvard University Faculty","Cambridge","MA","https://job-openings.monster.com/Postdoctoral-Data-Scientist-GIS-mHealth-Cambridge-MA-US-Harvard-University-Faculty/31/0721b11b-09ea-47e8-a93f-00722bde2216"
"Data Scientist","Kensho","Cambridge","MA","https://job-openings.monster.com/Data-Scientist-Cambridge-MA-US-Kensho/31/148da7b7-6515-4abd-ad86-a5bf1c383aff"
"Data Scientist Intern","EnerNOC, Inc.","Boston","MA","https://job-openings.monster.com/Data-Scientist-Intern-Boston-MA-US-EnerNOC-Inc/31/5fcee29e-40b9-4ed6-9b1a-e5a204bc7127"
"Data Scientist","Steward Health Care","Dedham","MA","https://job-openings.monster.com/Data-Scientist-Dedham-MA-US-Steward-Health-Care/31/7f896838-a3bd-4c32-9c9a-8c194481960e"
"US Commercial Data Scientist","Shire","Lexington","MA","https://job-openings.monster.com/US-Commercial-Data-Scientist-Lexington-MA-US-Shire/31/486aea76-e1ac-40a7-a48e-0def8b898e15"
"Associate Data Scientist","Staples","Framingham","MA","https://job-openings.monster.com/Associate-Data-Scientist-Framingham-MA-US-Staples/31/119af6f6-983d-4672-a81d-65e4faa3deef"
"Principal Data Scientist","Aetna","Wellesley","MA","https://job-openings.monster.com/Principal-Data-Scientist-Wellesley-MA-US-Aetna/31/5670c107-2b19-4943-9103-f6664cc116b9"
"Principal Data Scientist","Coventry Health Care, Inc.","Wellesley","MA","https://job-openings.monster.com/Principal-Data-Scientist-Wellesley-MA-US-Coventry-Health-Care-Inc/31/9834df17-0596-43ad-8af1-75c260ed653a"
"Data Scientist","Arcadia Healthcare Solutions","Burlington","MA","https://job-openings.monster.com/Data-Scientist-Burlington-MA-US-Arcadia-Healthcare-Solutions/31/fb347017-3b62-44a4-abb1-b6bc7bd67539"
"Expert Data Scientist","AspenTech","Bedford","MA","https://job-openings.monster.com/Expert-Data-Scientist-Bedford-MA-US-AspenTech/31/1854dc2a-551f-4d72-9215-e2840923b9fb"
"Data Scientist","Epsilon","Wakefield","MA","https://job-openings.monster.com/Data-Scientist-Wakefield-MA-US-Epsilon/31/0cd9f8f1-96b9-45bb-a263-f8f522338ac9"
"Data Scientist II","Green Mountain Coffee Roasters","Burlington","MA","https://job-openings.monster.com/Data-Scientist-II-Burlington-MA-US-Green-Mountain-Coffee-Roasters/31/26e27395-dff0-4f06-891d-de8eb1093f91"
"Data Scientist II - (Job Number: 1701611)","Keurig","Burlington","MA","https://job-openings.monster.com/Data-Scientist-II-Job-Number-1701611-Burlington-MA-US-Keurig/31/8b308933-d22f-4e07-9ff1-c7a2ad44d36d"
"Sr. Data Scientist","United Technologies Corporation","Westford","MA","https://job-openings.monster.com/Sr-Data-Scientist-Westford-MA-US-United-Technologies-Corporation/31/7652bad8-dc02-4baf-aa99-e85d76b086f3"
"Data Scientist","Massachusetts General Hospital(MGH)","Boston","MA","https://job-openings.monster.com/Data-Scientist-Boston-MA-US-Massachusetts-General-Hospital-MGH/31/dc2e0630-84d4-4b74-8609-b246c8ceed2c"
"Data Scientist (Multiple Openings) - Waltham, MA (81048)","Amadeus","Boston (Waltham)","MA","https://job-openings.monster.com/Data-Scientist-Multiple-Openings-Waltham-MA-81048-Boston-Waltham-MA-US-Amadeus/31/eb2414bc-6239-4538-81e1-b874894a838a"
"Data Scientist","Chewy.com","Boston","MA","https://job-openings.monster.com/Data-Scientist-Boston-MA-US-Chewy-com/31/08d7940c-9b30-4ceb-9fd8-1f5b177ae57a"
"Software Engineer/Data Scientist","Symbotic","Wilmington","MA","https://job-openings.monster.com/Software-Engineer-Data-Scientist-Wilmington-MA-US-Symbotic/31/cc5b0390-be06-4089-8c8b-0fbba3522df4"
"Data Scientist","Osram","Beverly","MA","https://job-openings.monster.com/Data-Scientist-Beverly-MA-US-Osram/31/b46eb63d-0f23-4375-b233-cfc44096c72c"
"Data Scientist","Sonesta","Boston","MA","https://job-openings.monster.com/Data-Scientist-Boston-MA-US-Sonesta/31/80943235-b377-4e2b-9dea-54b5c9474b38"
"Converse Lead Data Scientist","Nike","Boston","MA","https://job-openings.monster.com/Converse-Lead-Data-Scientist-Boston-MA-US-Nike/31/7fe21bf5-ce11-47ca-a609-a7c22e4eed32"
"Data Scientist","The Boston Consulting Group","Boston","MA","https://job-openings.monster.com/Data-Scientist-Boston-MA-US-The-Boston-Consulting-Group/31/911f3306-1de2-4d58-ace1-4481f59c74fb"
"Lead Data Scientist","Pluralsight","Boston","MA","https://job-openings.monster.com/Lead-Data-Scientist-Boston-MA-US-Pluralsight/31/4b16f676-a0c4-4d85-b3bc-0a1c2d5be5e5"
"Data Scientist PhD","Wayfair LLC","Boston","MA","https://job-openings.monster.com/Data-Scientist-PhD-Boston-MA-US-Wayfair-LLC/31/34363819-1f8d-45c0-b8d8-9c38fbe04d7d"
"Data Scientist","Shields Health Solutions","Quincy","MA","https://job-openings.monster.com/Data-Scientist-Quincy-MA-US-Shields-Health-Solutions/31/7c842832-0fef-4830-9398-75c16c62063f"
"Data Scientist","MFS","Boston","MA","https://job-openings.monster.com/Data-Scientist-Boston-MA-US-MFS/31/47dc4202-4a19-47b9-899c-716b169669b6"
"Research Data Scientist","Amazon","Cambridge","MA","https://job-openings.monster.com/Research-Data-Scientist-Cambridge-MA-US-Amazon/31/cd56fff0-6b28-4897-8d5b-4f53bd41b19e"
"Data Scientist II","Dana-Farber Cancer Institute","Boston","MA","https://job-openings.monster.com/Data-Scientist-II-Boston-MA-US-Dana-Farber-Cancer-Institute/31/e4671720-e9d1-4707-a2ee-5300c5f3a136"
"Data Scientist-Delivery and Device Innovation","Eli Lilly and Company","Cambridge","MA","https://job-openings.monster.com/Data-Scientist-Delivery-Device-Innovation-Cambridge-MA-US-Eli-Lilly-Company/31/426f42b8-ca86-4b73-9b7c-3514d62586ac"
"Data Scientist","Vertex","Boston","MA","https://job-openings.monster.com/Data-Scientist-Boston-MA-US-Vertex/31/be1456b1-33a7-43aa-8b2f-3aa55a6dfeaf"
"Data Scientist, Finance Advanced Analytics - Global Retail Markets","Liberty Mutual Insurance","Boston","MA","https://job-openings.monster.com/Data-Scientist-Finance-Advanced-Analytics-Global-Retail-Markets-Boston-MA-US-Liberty-Mutual-Insurance/31/3f1d45b8-3e3f-49a5-8efe-9e05abe3a5f8"
"Data Scientist, Finance Advanced Analytics - Global Retail Markets - (Job Number: 93722)","Liberty Mutual","Boston","MA","https://job-openings.monster.com/Data-Scientist-Finance-Advanced-Analytics-Global-Retail-Markets-Job-Number-93722-Boston-MA-US-Liberty-Mutual/31/4c8b12eb-d4b2-4a92-bad0-f0f0a949fb17"
"Senior Data Scientist","TekPartners","Boston","MA","https://job-openings.monster.com/Senior-Data-Scientist-Boston-MA-US-TekPartners/31/5f5d0f2e-dd6b-4172-87b5-34a3a44b964b"
"Imaging Data Scientist, Oncology Translational Research","Novartis Europharm","Cambridge","MA","https://job-openings.monster.com/Imaging-Data-Scientist-Oncology-Translational-Research-Cambridge-MA-US-Novartis-Europharm/31/b2e65e72-a2fe-4014-8a3d-6ae1a0d690fc"
"Imaging Data Scientist, Oncology Translational Research","Novartis Pharmaceuticals Corporation","Cambridge","MA","https://job-openings.monster.com/Imaging-Data-Scientist-Oncology-Translational-Research-Cambridge-MA-US-Novartis-Pharmaceuticals-Corporation/31/3388d481-8d1c-4066-bba7-74ad0d5384e7"
"Data Scientist- Artificial Intelligence Platform","Roberts Recruiting","Cambridge","MA","https://job-openings.monster.com/Data-Scientist-Artificial-Intelligence-Platform-Cambridge-MA-US-Roberts-Recruiting/31/61be0e7e-5816-40dc-9d09-b43cdea7c67f"
"Data Scientist","Vertex Pharmaceuticals","Boston","MA","https://job-openings.monster.com/Data-Scientist-Boston-MA-US-Vertex-Pharmaceuticals/31/6e9a3764-ab66-4263-a8cf-66a1018d02de"
"Senior Data Scientist (Boston)","QuantumBlack","Boston","MA","https://job-openings.monster.com/Senior-Data-Scientist-Boston-Boston-MA-US-QuantumBlack/31/36dd4373-4a05-4371-a281-b81b4b7a9e43"
"Senior Data Scientist","TripAdvisor","Needham","MA","https://job-openings.monster.com/Senior-Data-Scientist-Needham-MA-US-TripAdvisor/31/98731d09-2520-4822-8b97-e2eed5be841b"
"Senior Data Scientist","Nanigans","Boston","MA","https://job-openings.monster.com/Senior-Data-Scientist-Boston-MA-US-Nanigans/31/766ea100-4707-4356-bfb4-a99746e9e180"
"Actuary & Data Scientist","MassMutual","Boston","MA","https://job-openings.monster.com/Actuary-Data-Scientist-Boston-MA-US-MassMutual/31/d86f047a-f3e0-4b4c-8281-cba32ea57ed4"
"Actuary & Data Scientist","Barings Corporate","Boston","MA","https://job-openings.monster.com/Actuary-Data-Scientist-Boston-MA-US-Barings-Corporate/31/a3c679f7-07a2-4a0b-8c35-e9d1bfed084f"
"Sr Data Scientist","Coventry Health Care, Inc.","Wellesley","MA","https://job-openings.monster.com/Sr-Data-Scientist-Wellesley-MA-US-Coventry-Health-Care-Inc/31/2a492614-c6c9-41da-8cf3-f6b19f86c56d"
"Lead Data Scientist","Softpath System LLC","Waltham","MA","https://job-openings.monster.com/Lead-Data-Scientist-Waltham-MA-US-Softpath-System-LLC/31/518cbadc-23c3-4027-a690-61c670e35a9e"
"Sr. Data Scientist","United Technologies Corporation","Westford","MA","https://job-openings.monster.com/Sr-Data-Scientist-Westford-MA-US-United-Technologies-Corporation/31/37b38c14-f231-4edd-84cd-704b60cff3aa"
"Data Scientist","Massachusetts General Hospital(MGH)","Boston","MA","https://job-openings.monster.com/Data-Scientist-Boston-MA-US-Massachusetts-General-Hospital-MGH/31/e555da55-dd07-4cf6-9fd1-7362ffc2055b"
"Sr Data Scientist","Aetna","Wellesley","MA","https://job-openings.monster.com/Sr-Data-Scientist-Wellesley-MA-US-Aetna/31/474d2745-67b3-42c6-ba88-3d6e2a1c8bd5"
"Lead Data Scientist - Proprietary Data and Tools","The Boston Consulting Group","Boston","MA","https://job-openings.monster.com/Lead-Data-Scientist-Proprietary-Data-Tools-Boston-MA-US-The-Boston-Consulting-Group/31/9d55a499-bbb7-4f33-b4f7-43ff48e21c5e"
"Data Scientist, Customer Advocacy - U. S. Consumer Markets","Liberty Mutual Insurance","Boston","MA","https://job-openings.monster.com/Data-Scientist-Customer-Advocacy-U-S-Consumer-Markets-Boston-MA-US-Liberty-Mutual-Insurance/31/a26a9586-d3d9-4a09-a9e1-275e31834e90"
"Senior Machine Learning Data Scientist","Roberts Recruiting","Boston","MA","https://job-openings.monster.com/Senior-Machine-Learning-Data-Scientist-Boston-MA-US-Roberts-Recruiting/31/e0a2dc7e-c4ec-48ce-952d-e9e35de86c40"
"Data Scientist (Boston)","QuantumBlack","Boston","MA","https://job-openings.monster.com/Data-Scientist-Boston-Boston-MA-US-QuantumBlack/31/1b6d12d1-26a4-4182-89a6-57d1ab4ea81c"
"Data Scientist, Customer Advocacy - U. S. Consumer Markets - (Job Number: 91224)","Liberty Mutual","Boston","MA","https://job-openings.monster.com/Data-Scientist-Customer-Advocacy-U-S-Consumer-Markets-Job-Number-91224-Boston-MA-US-Liberty-Mutual/31/29026f02-df91-414c-98f9-f72fe315c6dd"
"Data Scientist","MassMutual","Boston","MA","https://job-openings.monster.com/Data-Scientist-Boston-MA-US-MassMutual/31/2f797248-0d39-42f4-9ed8-7a48e1d56e97"
"Data Scientist","Barings Corporate","Boston","MA","https://job-openings.monster.com/Data-Scientist-Boston-MA-US-Barings-Corporate/31/a78283f1-bdef-49f9-8101-821cf25db46d"
"Data Scientist or Senior Data Scientist - Claims Analytics, Global Retail Markets","Liberty Mutual Insurance","Boston","MA","https://job-openings.monster.com/Data-Scientist-or-Senior-Data-Scientist-Claims-Analytics-Global-Retail-Markets-Boston-MA-US-Liberty-Mutual-Insurance/31/4ea4d249-92c4-4a04-9123-515ca60dd8c2"
"Data Scientist or Senior Data Scientist - Claims Analytics, Global Retail Markets - (Job Number: 900","Liberty Mutual","Boston","MA","https://job-openings.monster.com/Data-Scientist-or-Senior-Data-Scientist-Claims-Analytics-Global-Retail-Markets-Job-Number-900-Boston-MA-US-Liberty-Mutual/31/06021e8e-7e37-43b1-8fae-467f6913cde3"
"Senior Data Scientist","Roberts Recruiting","Boston","MA","https://job-openings.monster.com/Senior-Data-Scientist-Boston-MA-US-Roberts-Recruiting/31/d8744cac-5c83-4e30-a764-c18854670c5d"
"Senior Data Scientist","Roberts Recruiting","Boston","MA","https://job-openings.monster.com/Senior-Data-Scientist-Boston-MA-US-Roberts-Recruiting/31/5d4f18cc-d94c-4074-bed4-5214a142470f"
"Data Scientist","Roberts Recruiting","Cambridge","MA","https://job-openings.monster.com/Data-Scientist-Cambridge-MA-US-Roberts-Recruiting/31/5df46c5f-8af4-483e-9e74-c74d68af2f91"
"VP of Data Science","ExecuNet","Boston","MA","https://job-openings.monster.com/VP-of-Data-Science-Boston-MA-US-ExecuNet/31/f34ec1a7-4444-4d76-af04-3bc03302e575"
"VP of Data Sciences & Statistics","ExecuNet","Cambridge","MA","https://job-openings.monster.com/VP-of-Data-Sciences-Statistics-Cambridge-MA-US-ExecuNet/31/875d3295-da36-4dec-ab0d-b2f727b1ddb6"
"Member of Technical Staff- Data Science","Athenahealth","Watertown","MA","https://job-openings.monster.com/Member-of-Technical-Staff-Data-Science-Watertown-MA-US-Athenahealth/31/a0d46ee5-4bee-4a4c-8850-a7fc9f4a35b2"
"Machine Learning Engineer, Center for Clinical Data Science","Partners HealthCare(PHS)","Boston","MA","https://job-openings.monster.com/Machine-Learning-Engineer-Center-for-Clinical-Data-Science-Boston-MA-US-Partners-HealthCare-PHS/31/877100a6-8560-484f-867d-104356f74b54"
"Technical Lead, Data Science","DraftKings","Boston","MA","https://job-openings.monster.com/Technical-Lead-Data-Science-Boston-MA-US-DraftKings/31/75968588-e54b-44b0-ad0b-617c31ec1f68"
"CoE Lead, Data Science and Engineering","XL Catlin","Boston","MA","https://job-openings.monster.com/CoE-Lead-Data-Science-Engineering-Boston-MA-US-XL-Catlin/31/dcf90db3-5694-4470-a3b7-89ca9a398f07"
"CoE Lead, Data Science and Engineering","XL Group","Boston","MA","https://job-openings.monster.com/CoE-Lead-Data-Science-Engineering-Boston-MA-US-XL-Group/31/49acecd0-c857-443f-a338-12453896ea1a"
"Data Science Intern","The Boston Consulting Group","Boston","MA","https://job-openings.monster.com/Data-Science-Intern-Boston-MA-US-The-Boston-Consulting-Group/31/d3fe5b43-e807-4d2f-80f2-30fc943e1a3a"
"Data Science Engineer","NTT DATA, Inc","Boston","MA","https://job-openings.monster.com/Data-Science-Engineer-Boston-MA-US-NTT-DATA-Inc/31/e296b2da-a098-4096-b700-8f6388efaf15"
"Data Science Summer Internship","SMG","Boston","MA","https://job-openings.monster.com/Data-Science-Summer-Internship-Boston-MA-US-SMG/31/ed558d74-4caf-49de-8c8a-0524f9569dee"
"Campus Associate Computational Biologist - Data Science","The Broad Institute","Cambridge","MA","https://job-openings.monster.com/Campus-Associate-Computational-Biologist-Data-Science-Cambridge-MA-US-The-Broad-Institute/31/5ecd90a0-4210-4a71-ba2c-dc60942e3db8"
"Senior Software Engineer, Data Science Platform","Indigo","Boston","MA","https://job-openings.monster.com/Senior-Software-Engineer-Data-Science-Platform-Boston-MA-US-Indigo/31/8a67954b-e5f0-42a7-91f3-0308eab3ff3a"
"Software Team Leader II, Center for Clinical Data Science-(3061137)","Partners Healthcare System","Boston","MA","https://job-openings.monster.com/Software-Team-Leader-II-Center-for-Clinical-Data-Science-3061137-Boston-MA-US-Partners-Healthcare-System/31/7d3511f7-3f55-4569-89a2-4222a8796afd"
"Senior Data Science Manager","Wayfair LLC","Boston","MA","https://job-openings.monster.com/Senior-Data-Science-Manager-Boston-MA-US-Wayfair-LLC/31/626b8530-3ab2-456e-995c-be6655f76500"
"Software Developer - Data Science and Engineering","Decision Resources Group","Boston","MA","https://job-openings.monster.com/Software-Developer-Data-Science-Engineering-Boston-MA-US-Decision-Resources-Group/31/92c58120-d220-46c8-a1a1-4f982cd80b2d"
"Full Stack Software Engineer, Center for Clinical Data Science","Newton Wellesley Hospital","Boston","MA","https://job-openings.monster.com/Full-Stack-Software-Engineer-Center-for-Clinical-Data-Science-Boston-MA-US-Newton-Wellesley-Hospital/31/b3cfe892-40be-4fda-bfd2-1372d12c290c"
"Data Science Content Writer","TekPartners","Boston","MA","https://job-openings.monster.com/Data-Science-Content-Writer-Boston-MA-US-TekPartners/31/225ca1a7-7684-4edb-8919-f1567c4fca25"
"Data Science Summer Internship","Payette","Boston","MA","https://job-openings.monster.com/Data-Science-Summer-Internship-Boston-MA-US-Payette/31/c25c6496-b0e4-4209-a6e5-425f831de7f1"
"Manager, Principal ML Data Science","Amazon","Cambridge","MA","https://job-openings.monster.com/Manager-Principal-ML-Data-Science-Cambridge-MA-US-Amazon/31/f636fba0-5bcc-4419-ac30-b6c7b3dfdce9"
"Data Science Manager","Bain & Company Inc","Boston","MA","https://job-openings.monster.com/Data-Science-Manager-Boston-MA-US-Bain-Company-Inc/31/b983bffd-e520-4f41-b160-a894107d8733"
"573938/Data Science","Enterprise Solutions Inc.","North Quincy","MA","https://job-openings.monster.com/573938-Data-Science-North-Quincy-MA-US-Enterprise-Solutions-Inc/31/669cb510-d5d3-47d6-9d3b-ff363a419aff"
"Research Associate - Data Science Specialist","Harvard University Faculty","Cambridge","MA","https://job-openings.monster.com/Research-Associate-Data-Science-Specialist-Cambridge-MA-US-Harvard-University-Faculty/31/7a9db6c4-6b58-46af-b490-9b0cf8689b1a"
"Senior Software Engineer- Data Science","Staples","Boston","MA","https://job-openings.monster.com/Senior-Software-Engineer-Data-Science-Boston-MA-US-Staples/31/ff0d7ec9-195a-4765-8462-3689bd9cfe31"
"Assistant/Associate/Teaching Professor & Director - Data Science Program","Northeastern University","Boston","MA","https://job-openings.monster.com/Assistant-Associate-Teaching-Professor-Director-Data-Science-Program-Boston-MA-US-Northeastern-University/31/03c518cd-cb4d-40ab-9f14-9ff0f665436f"
"GLOBAL HEALTH DATA SCIENCE, FACULTY, School of Public Health","Boston University","Boston","MA","https://job-openings.monster.com/GLOBAL-HEALTH-DATA-SCIENCE-FACULTY-School-of-Public-Health-Boston-MA-US-Boston-University/31/bdbcb54b-0178-487f-92c5-8208f3a7685f"
"Data Science Lead","Andiamo","Boston","MA","https://job-openings.monster.com/Data-Science-Lead-Boston-MA-US-Andiamo/31/532cdd4c-5ea8-4715-9530-b71757bb065e"
"Data Science Engineer, Team Lead","Roberts Recruiting","Boston","MA","https://job-openings.monster.com/Data-Science-Engineer-Team-Lead-Boston-MA-US-Roberts-Recruiting/31/98c50e36-e09b-448b-9b2d-1ad770162698"
"VP of Data Sciences, AI, Machine Learning - Boston, MA","Huff Consulting","Boston","MA","https://job-openings.monster.com/VP-of-Data-Sciences-AI-Machine-Learning-Boston-MA-Boston-MA-US-Huff-Consulting/31/5a690e0b-2377-46bd-b29d-657a0e781b30"
"Sr. Mgr. Data Sciences, Product Development and AI","TTEC","Burlington","MA","https://job-openings.monster.com/Sr-Mgr-Data-Sciences-Product-Development-AI-Burlington-MA-US-TTEC/31/81a40247-f5b1-4158-8bc6-c885b6ca9e1c"
"Data Science / Ops Research / Statistics / Math Intern & New Grad","Mitre Corporation","Bedford","MA","https://job-openings.monster.com/Data-Science-Ops-Research-Statistics-Math-Intern-New-Grad-Bedford-MA-US-Mitre-Corporation/31/35961818-ddd0-4f7b-a543-82bcee66c67d"
"Data Science Intern, July - December 2018","iRobot Corporation","Bedford","MA","https://job-openings.monster.com/Data-Science-Intern-July-December-2018-Bedford-MA-US-iRobot-Corporation/31/ed0f848b-521f-407a-b992-cee8327e96a5"
"Principal Software Engineer-Data Science","i-CST","Framingham","MA","https://job-openings.monster.com/Principal-Software-Engineer-Data-Science-Framingham-MA-US-i-CST/31/f90989c4-bef0-43ce-b908-ce07693e2279"
"Environmental Scientist (Analytical Data Specialist)","Haley Aldrich","Boston","MA","https://job-openings.monster.com/Environmental-Scientist-Analytical-Data-Specialist-Boston-MA-US-Haley-Aldrich/31/82a4463a-bda8-41aa-be35-3392ceedc623"
"Full Stack Software Engineer, Center for Clinical Data Science","Partners HealthCare(PHS)","Boston","MA","https://job-openings.monster.com/Full-Stack-Software-Engineer-Center-for-Clinical-Data-Science-Boston-MA-US-Partners-HealthCare-PHS/31/29db23f5-5a6f-4f6b-b531-b38268b9a2e9"
"Technical Support Specialist - Data Sciences Platform","The Broad Institute","Cambridge","MA","https://job-openings.monster.com/Technical-Support-Specialist-Data-Sciences-Platform-Cambridge-MA-US-The-Broad-Institute/31/d27e9a60-b7cc-4ed9-99ec-18a4e267659c"
"Systems Engineer, Center for Clinical Data Science","Newton Wellesley Hospital","Boston","MA","https://job-openings.monster.com/Systems-Engineer-Center-for-Clinical-Data-Science-Boston-MA-US-Newton-Wellesley-Hospital/31/8fc7d4a9-8c9f-4052-b524-64f3548ba1db"
"567122/Python for data science","Enterprise Solutions Inc.","North Quincy","MA","https://job-openings.monster.com/567122-Python-for-data-science-North-Quincy-MA-US-Enterprise-Solutions-Inc/31/62aefb37-603c-4d6c-8a9e-172a60384022"
"Principal Software Engineer - Data Science","Staples","Boston","MA","https://job-openings.monster.com/Principal-Software-Engineer-Data-Science-Boston-MA-US-Staples/31/c6fe024b-332b-477d-8c7a-86fedc42c33b"
"Sr. Data Science Engineer","DraftKings","Boston","MA","https://job-openings.monster.com/Sr-Data-Science-Engineer-Boston-MA-US-DraftKings/31/2e9fe217-485d-46f5-a4f0-322a131569b1"
"Full Stack Software Engineer, Center for Clinical Data Science-(3056302)","Partners Healthcare System","Boston","MA","https://job-openings.monster.com/Full-Stack-Software-Engineer-Center-for-Clinical-Data-Science-3056302-Boston-MA-US-Partners-Healthcare-System/31/c52176b3-0320-4403-bc4a-bad2c1eec265"
"Sr. Mgr. Data Sciences, Product Development and AI","TTEC","Burlington","MA","https://job-openings.monster.com/Sr-Mgr-Data-Sciences-Product-Development-AI-Burlington-MA-US-TTEC/31/edcedc79-d325-4108-ac68-a1a3e4e700b8"
"Sr. Principal Software Engineer-Data Science","i-CST","Framingham","MA","https://job-openings.monster.com/Sr-Principal-Software-Engineer-Data-Science-Framingham-MA-US-i-CST/31/d476ac51-6c43-4c51-8ad7-1a181a3cf1bd"
"Chief Technology Officer/VP of Enginering","ExecuNet","Cambridge","MA","https://job-openings.monster.com/Chief-Technology-Officer-VP-of-Enginering-Cambridge-MA-US-ExecuNet/31/c3dfa967-b442-415d-aa53-5037cf4401fb"
"Software Team Leader II, Center for Clinical Data Science","Partners HealthCare(PHS)","Boston","MA","https://job-openings.monster.com/Software-Team-Leader-II-Center-for-Clinical-Data-Science-Boston-MA-US-Partners-HealthCare-PHS/31/50b285bd-d412-4f44-821e-1a1686074b1b"
"Scientific Support Specialist - Data Sciences Platform","The Broad Institute","Cambridge","MA","https://job-openings.monster.com/Scientific-Support-Specialist-Data-Sciences-Platform-Cambridge-MA-US-The-Broad-Institute/31/888818a1-30a6-4f46-8a7c-385de9ab4118"
"Sr. Principal Software Engineer - Data Science","Staples","Boston","MA","https://job-openings.monster.com/Sr-Principal-Software-Engineer-Data-Science-Boston-MA-US-Staples/31/5078386f-5ca9-444e-9e15-9642fd22970f"
"Machine Learning Engineer, Center for Clinical Data Science-(3055508)","Partners Healthcare System","Boston","MA","https://job-openings.monster.com/Machine-Learning-Engineer-Center-for-Clinical-Data-Science-3055508-Boston-MA-US-Partners-Healthcare-System/31/1471b88c-68c7-4614-8801-79c9ad2dc292"
"Sr. Software Engineer-Data Science","i-CST","Framingham","MA","https://job-openings.monster.com/Sr-Software-Engineer-Data-Science-Framingham-MA-US-i-CST/31/2314a224-91dd-4e57-a014-20143217d116"
"Chief Data Officer/Director of Data","ExecuNet","Boston","MA","https://job-openings.monster.com/Chief-Data-Officer-Director-of-Data-Boston-MA-US-ExecuNet/31/3897b45b-be9d-49e6-bb93-dbf1ae26998f"
"Systems Engineer, Center for Clinical Data Science","Partners HealthCare(PHS)","Boston","MA","https://job-openings.monster.com/Systems-Engineer-Center-for-Clinical-Data-Science-Boston-MA-US-Partners-HealthCare-PHS/31/4b07c827-00d4-472b-8c01-856c982f87f0"
"Associate Computational Biologist II - Data Science","The Broad Institute","Cambridge","MA","https://job-openings.monster.com/Associate-Computational-Biologist-II-Data-Science-Cambridge-MA-US-The-Broad-Institute/31/347fe5f8-a8b0-4d83-ba27-4379e6c56c00"
"Software Engineer - Data Science","Staples","Framingham","MA","https://job-openings.monster.com/Software-Engineer-Data-Science-Framingham-MA-US-Staples/31/a70c7894-f8ad-4a74-851f-e675f7a48a45"
"VP of Retail","ExecuNet","Boston","MA","https://job-openings.monster.com/VP-of-Retail-Boston-MA-US-ExecuNet/31/82c10bac-7e66-464c-a751-d70400c6cb2c"
"Software Team Leader II, Center for Clinical Data Science","Partners HealthCare(PHS)","Boston","MA","https://job-openings.monster.com/Software-Team-Leader-II-Center-for-Clinical-Data-Science-Boston-MA-US-Partners-HealthCare-PHS/31/13e8a0ff-20f0-41d4-93d4-ebfab2845cc2"
"VP of Finance & Analytics","ExecuNet","Cambridge","MA","https://job-openings.monster.com/VP-of-Finance-Analytics-Cambridge-MA-US-ExecuNet/31/9c254a6c-4179-4883-88aa-bc1cb968485f"
"Full Stack Software Engineer, Center for Clinical Data Science","Partners HealthCare(PHS)","Boston","MA","https://job-openings.monster.com/Full-Stack-Software-Engineer-Center-for-Clinical-Data-Science-Boston-MA-US-Partners-HealthCare-PHS/31/a04423ff-f611-41be-bf18-c611e82de4ce"
"Global VP of Marketing","ExecuNet","Boston","MA","https://job-openings.monster.com/Global-VP-of-Marketing-Boston-MA-US-ExecuNet/31/91833a64-98d8-4837-9969-de114d33520f"
"Systems Engineer, Center for Clinical Data Science","Partners HealthCare(PHS)","Boston","MA","https://job-openings.monster.com/Systems-Engineer-Center-for-Clinical-Data-Science-Boston-MA-US-Partners-HealthCare-PHS/31/ef482639-ccc6-4850-ab9f-09fa1bf8b3bd"
"VP of Legal","ExecuNet","Boston","MA","https://job-openings.monster.com/VP-of-Legal-Boston-MA-US-ExecuNet/31/38786d83-60c1-4a50-8719-bca58e3ef881"
"Machine Learning Engineer, Center for Clinical Data Science","Partners HealthCare(PHS)","Boston","MA","https://job-openings.monster.com/Machine-Learning-Engineer-Center-for-Clinical-Data-Science-Boston-MA-US-Partners-HealthCare-PHS/31/8912c961-3580-4e92-9be4-03229b6386f2"
"Manager, Data Science","Amazon","Cambridge","MA","https://job-openings.monster.com/Manager-Data-Science-Cambridge-MA-US-Amazon/31/2d977f37-061f-41fa-bfee-bb6a1d17cae6"
"Clinical Data Associate IV -- G3873A : Data Science & Informatics 5100","Tech Observer","Cambridge","MA","https://job-openings.monster.com/Clinical-Data-Associate-IV-G3873A-Data-Science-Informatics-5100-Cambridge-MA-US-Tech-Observer/31/cc0e15ca-3fde-4d7a-99df-041eef08eaf4"
"Data Science / Ops Research / Statistics / Math Intern & New Grad","MITRE","Bedford","MA","https://job-openings.monster.com/Data-Science-Ops-Research-Statistics-Math-Intern-New-Grad-Bedford-MA-US-MITRE/31/5987b0f7-8e8d-4feb-8820-50312ae262ff"
"Ecommerce Data Science Intern (Graduate) - (Job Number: 1800246)","Keurig","Burlington","MA","https://job-openings.monster.com/Ecommerce-Data-Science-Intern-Graduate-Job-Number-1800246-Burlington-MA-US-Keurig/31/c3caed44-8156-40ea-8b9b-483961477d44"
